<?xml version = '1.0' encoding = 'UTF-8'?>
<Entity class="oracle.dbtools.crest.model.design.logical.Entity" directorySegmentName="seg_0" id="14BF5D81-7F3C-CE75-63D6-EB24E418BDB3" name="Saloon">
<createdBy>Samuel Landman</createdBy>
<createdTime>2021-10-27 07:04:42 UTC</createdTime>
<ownerDesignName>Updated ER Diagram</ownerDesignName>
<engineerTo>
<item key="5701BE9D-90C9-9C5C-14B4-7E9FE8233AA8" value="true"/>
</engineerTo>
<adequatelyNormalized>NO</adequatelyNormalized>
<expectedVolumes>0</expectedVolumes>
<fwdEngineeringStrategyName>Single Table</fwdEngineeringStrategyName>
<growthPercent>0</growthPercent>
<growthType>Year</growthType>
<maxVolumes>9999999</maxVolumes>
<minVolumes>0</minVolumes>
<normalForm>Third</normalForm>
<attributes itemClass="oracle.dbtools.crest.model.design.logical.Attribute">
<Attribute name="Saloon_Id" id="5AB5A647-B8C8-3D64-5F92-B723BFF2158D">
<createdBy>Samuel Landman</createdBy>
<createdTime>2021-10-27 07:43:20 UTC</createdTime>
<ownerDesignName>Updated ER Diagram</ownerDesignName>
<engineerTo>
<item key="5701BE9D-90C9-9C5C-14B4-7E9FE8233AA8" value="true"/>
</engineerTo>
<use>0</use>
<ownDataTypeParameters>,,</ownDataTypeParameters>
</Attribute>
<Attribute name="coordinates" id="28D9460E-A0B3-B167-F06A-99A9DF3FFE19">
<createdBy>Samuel Landman</createdBy>
<createdTime>2021-11-14 06:02:55 UTC</createdTime>
<ownerDesignName>Updated ER Diagram</ownerDesignName>
<engineerTo>
<item key="5701BE9D-90C9-9C5C-14B4-7E9FE8233AA8" value="true"/>
</engineerTo>
<useDomainConstraints>false</useDomainConstraints>
<use>1</use>
<logicalDatatype>LOGDT020</logicalDatatype>
<ownDataTypeParameters>,,</ownDataTypeParameters>
</Attribute>
<Attribute name="User_registration_Id" id="02B70342-068E-8FF5-84BC-138D68313731">
<createdBy>Samuel Landman</createdBy>
<createdTime>2021-11-14 06:04:20 UTC</createdTime>
<generatorID>CBAABF21-A746-FD02-1DC4-F6659C6FAA57</generatorID>
<ownerDesignName>Updated ER Diagram</ownerDesignName>
<engineerTo>
<item key="5701BE9D-90C9-9C5C-14B4-7E9FE8233AA8" value="true"/>
</engineerTo>
<referedAttribute>A85255AA-16C2-C497-5B35-833DDA501038</referedAttribute>
<use>0</use>
<ownDataTypeParameters>,,</ownDataTypeParameters>
</Attribute>
</attributes>
<identifiers itemClass="oracle.dbtools.crest.model.design.logical.CandidateKey">
<identifier id="8BFBAE9D-D2FB-E8B0-1DF7-658F7B3DC1FA" name="Saloon PK">
<createdBy>Samuel Landman</createdBy>
<createdTime>2021-10-27 07:43:41 UTC</createdTime>
<ownerDesignName>Updated ER Diagram</ownerDesignName>
<shouldEngineer>false</shouldEngineer>
<engineerTo>
<item key="5701BE9D-90C9-9C5C-14B4-7E9FE8233AA8" value="false"/>
</engineerTo>
<pk>true</pk>
<usedAttributes>
<attributeRef>5AB5A647-B8C8-3D64-5F92-B723BFF2158D</attributeRef>
</usedAttributes>
</identifier>
</identifiers>
</Entity>