<?xml version = '1.0' encoding = 'UTF-8'?>
<Entity class="oracle.dbtools.crest.model.design.logical.Entity" directorySegmentName="seg_0" id="15CC257E-6246-A56A-663B-1C9EBD097BA3" name="Contacts">
<createdBy>Samuel Landman</createdBy>
<createdTime>2021-11-14 06:30:56 UTC</createdTime>
<ownerDesignName>Updated ER Diagram</ownerDesignName>
<engineerTo>
<item key="5701BE9D-90C9-9C5C-14B4-7E9FE8233AA8" value="true"/>
</engineerTo>
<adequatelyNormalized>NO</adequatelyNormalized>
<expectedVolumes>0</expectedVolumes>
<fwdEngineeringStrategyName>Single Table</fwdEngineeringStrategyName>
<growthPercent>0</growthPercent>
<growthType>Year</growthType>
<maxVolumes>9999999</maxVolumes>
<minVolumes>0</minVolumes>
<normalForm>Third</normalForm>
<attributes itemClass="oracle.dbtools.crest.model.design.logical.Attribute">
<Attribute name="Contacts_ID" id="B8876289-FC5D-D3C9-911E-FFE058C0C7D0">
<createdBy>Samuel Landman</createdBy>
<createdTime>2021-11-14 06:46:04 UTC</createdTime>
<ownerDesignName>Updated ER Diagram</ownerDesignName>
<engineerTo>
<item key="5701BE9D-90C9-9C5C-14B4-7E9FE8233AA8" value="true"/>
</engineerTo>
<use>0</use>
<ownDataTypeParameters>,,</ownDataTypeParameters>
</Attribute>
<Attribute name="Phone Number" id="0C66B17A-2AF0-B83A-7406-3B5AD0D6BA17">
<createdBy>Samuel Landman</createdBy>
<createdTime>2021-11-14 06:46:18 UTC</createdTime>
<ownerDesignName>Updated ER Diagram</ownerDesignName>
<engineerTo>
<item key="5701BE9D-90C9-9C5C-14B4-7E9FE8233AA8" value="true"/>
</engineerTo>
<use>0</use>
<logicalDatatype>LOGDT019</logicalDatatype>
<domain>F78D4994-07FF-70D6-8834-F463F3DEC828</domain>
<ownDataTypeParameters>,,</ownDataTypeParameters>
</Attribute>
<Attribute name="Email_address" id="10255273-2742-6EDE-801D-43BBB878B51E">
<createdBy>Samuel Landman</createdBy>
<createdTime>2021-11-14 06:46:35 UTC</createdTime>
<ownerDesignName>Updated ER Diagram</ownerDesignName>
<engineerTo>
<item key="5701BE9D-90C9-9C5C-14B4-7E9FE8233AA8" value="true"/>
</engineerTo>
<use>0</use>
<logicalDatatype>LOGDT024</logicalDatatype>
<domain>40D24BD2-0142-B2F6-3DDA-70FE9BAECBCE</domain>
<ownDataTypeParameters>,,</ownDataTypeParameters>
</Attribute>
<Attribute name="User_registration_Id" id="CC70A875-A807-AFD5-8551-0D94080B3A5C">
<createdBy>Samuel Landman</createdBy>
<createdTime>2021-11-14 06:50:41 UTC</createdTime>
<generatorID>0A13C9BF-CC2F-F708-DE5A-4C2B06DF254F</generatorID>
<ownerDesignName>Updated ER Diagram</ownerDesignName>
<engineerTo>
<item key="5701BE9D-90C9-9C5C-14B4-7E9FE8233AA8" value="true"/>
</engineerTo>
<referedAttribute>A85255AA-16C2-C497-5B35-833DDA501038</referedAttribute>
<use>0</use>
<ownDataTypeParameters>,,</ownDataTypeParameters>
</Attribute>
</attributes>
<identifiers itemClass="oracle.dbtools.crest.model.design.logical.CandidateKey">
<identifier id="F046C7F1-9857-BE35-C765-54E2E0EB64F9" name="Contacts PK">
<createdBy>Samuel Landman</createdBy>
<createdTime>2021-11-14 06:46:13 UTC</createdTime>
<ownerDesignName>Updated ER Diagram</ownerDesignName>
<engineerTo>
<item key="5701BE9D-90C9-9C5C-14B4-7E9FE8233AA8" value="true"/>
</engineerTo>
<pk>true</pk>
<usedAttributes>
<attributeRef>B8876289-FC5D-D3C9-911E-FFE058C0C7D0</attributeRef>
</usedAttributes>
</identifier>
</identifiers>
</Entity>