<?xml version = '1.0' encoding = 'UTF-8'?>
<Entity class="oracle.dbtools.crest.model.design.logical.Entity" directorySegmentName="seg_0" id="4DDD6F3E-0F54-B0BB-0BD0-EC3A79337F25" name="Booking">
<createdBy>Samuel Landman</createdBy>
<createdTime>2021-10-27 07:07:51 UTC</createdTime>
<ownerDesignName>Updated ER Diagram</ownerDesignName>
<engineerTo>
<item key="5701BE9D-90C9-9C5C-14B4-7E9FE8233AA8" value="true"/>
</engineerTo>
<adequatelyNormalized>NO</adequatelyNormalized>
<expectedVolumes>0</expectedVolumes>
<fwdEngineeringStrategyName>Single Table</fwdEngineeringStrategyName>
<growthPercent>0</growthPercent>
<growthType>Year</growthType>
<maxVolumes>9999999</maxVolumes>
<minVolumes>0</minVolumes>
<normalForm>Third</normalForm>
<attributes itemClass="oracle.dbtools.crest.model.design.logical.Attribute">
<Attribute name="Booking_Id" id="36FF4BBE-37B9-7E83-413F-E207F372DECD">
<createdBy>Samuel Landman</createdBy>
<createdTime>2021-10-27 07:48:56 UTC</createdTime>
<ownerDesignName>Updated ER Diagram</ownerDesignName>
<engineerTo>
<item key="5701BE9D-90C9-9C5C-14B4-7E9FE8233AA8" value="true"/>
</engineerTo>
<use>0</use>
<logicalDatatype>LOGDT019</logicalDatatype>
<domain>84FBC093-DBB3-C54C-ADD5-8B6376B1A16A</domain>
<ownDataTypeParameters>,,</ownDataTypeParameters>
</Attribute>
<Attribute name="Booking_day" id="BE23433A-4574-6065-05D7-2E8290E14774">
<createdBy>Samuel Landman</createdBy>
<createdTime>2021-10-27 07:49:33 UTC</createdTime>
<ownerDesignName>Updated ER Diagram</ownerDesignName>
<engineerTo>
<item key="5701BE9D-90C9-9C5C-14B4-7E9FE8233AA8" value="true"/>
</engineerTo>
<useDomainConstraints>false</useDomainConstraints>
<use>1</use>
<logicalDatatype>LOGDT007</logicalDatatype>
<ownDataTypeParameters>,,</ownDataTypeParameters>
</Attribute>
<Attribute name="Booking_time" id="75D86105-7093-7024-E9EF-65E8121C56C8">
<createdBy>Samuel Landman</createdBy>
<createdTime>2021-10-27 07:51:58 UTC</createdTime>
<ownerDesignName>Updated ER Diagram</ownerDesignName>
<engineerTo>
<item key="5701BE9D-90C9-9C5C-14B4-7E9FE8233AA8" value="true"/>
</engineerTo>
<useDomainConstraints>false</useDomainConstraints>
<use>1</use>
<logicalDatatype>LOGDT008</logicalDatatype>
<ownDataTypeParameters>,,</ownDataTypeParameters>
</Attribute>
<Attribute name="Service_Id" id="379B8E51-97ED-F8FA-A276-71E78E566DA7">
<createdBy>Samuel Landman</createdBy>
<createdTime>2021-11-14 05:35:27 UTC</createdTime>
<generatorID>4A5D6807-9177-1ABA-751C-B3CEA0DE9C39</generatorID>
<ownerDesignName>Updated ER Diagram</ownerDesignName>
<engineerTo>
<item key="5701BE9D-90C9-9C5C-14B4-7E9FE8233AA8" value="true"/>
</engineerTo>
<referedAttribute>24A9A5DD-5BC4-4A7C-56B2-CD200F15E9AF</referedAttribute>
<use>0</use>
<logicalDatatype>A3A3C77D-0366-9768-FF89-1C25E56881C8</logicalDatatype>
<domain>6499C6FC-6127-F57D-3239-9E775D797BF7</domain>
<ownDataTypeParameters>,,</ownDataTypeParameters>
</Attribute>
</attributes>
<identifiers itemClass="oracle.dbtools.crest.model.design.logical.CandidateKey">
<identifier id="B5336569-F5EC-D713-FD90-B33BE929464C" name="Booking PK">
<createdBy>Samuel Landman</createdBy>
<createdTime>2021-10-27 07:49:29 UTC</createdTime>
<ownerDesignName>Updated ER Diagram</ownerDesignName>
<shouldEngineer>false</shouldEngineer>
<engineerTo>
<item key="5701BE9D-90C9-9C5C-14B4-7E9FE8233AA8" value="false"/>
</engineerTo>
<pk>true</pk>
<usedAttributes>
<attributeRef>36FF4BBE-37B9-7E83-413F-E207F372DECD</attributeRef>
</usedAttributes>
</identifier>
</identifiers>
</Entity>