<?xml version = '1.0' encoding = 'UTF-8'?>
<Entity class="oracle.dbtools.crest.model.design.logical.Entity" directorySegmentName="seg_0" id="6B42DFE2-C51E-8FA0-5EE1-C1C0FE886A03" name="favourites">
<createdBy>Samuel Landman</createdBy>
<createdTime>2021-11-13 19:27:59 UTC</createdTime>
<ownerDesignName>Updated ER Diagram</ownerDesignName>
<engineerTo>
<item key="5701BE9D-90C9-9C5C-14B4-7E9FE8233AA8" value="true"/>
</engineerTo>
<adequatelyNormalized>NO</adequatelyNormalized>
<expectedVolumes>0</expectedVolumes>
<fwdEngineeringStrategyName>Single Table</fwdEngineeringStrategyName>
<growthPercent>0</growthPercent>
<growthType>Year</growthType>
<maxVolumes>9999999</maxVolumes>
<minVolumes>0</minVolumes>
<normalForm>Third</normalForm>
<attributes itemClass="oracle.dbtools.crest.model.design.logical.Attribute">
<Attribute name="favourite_haisrtyle_id" id="39F9FD19-0ADD-8B2C-D562-3BB887279DA2">
<createdBy>Samuel Landman</createdBy>
<createdTime>2021-11-13 19:28:15 UTC</createdTime>
<ownerDesignName>Updated ER Diagram</ownerDesignName>
<engineerTo>
<item key="5701BE9D-90C9-9C5C-14B4-7E9FE8233AA8" value="true"/>
</engineerTo>
<use>0</use>
<ownDataTypeParameters>,,</ownDataTypeParameters>
</Attribute>
<Attribute name="favourite_name" id="BA4D8DF4-3DAC-0252-47D3-BAC6D60B1601">
<createdBy>Samuel Landman</createdBy>
<createdTime>2021-11-13 19:29:29 UTC</createdTime>
<ownerDesignName>Updated ER Diagram</ownerDesignName>
<engineerTo>
<item key="5701BE9D-90C9-9C5C-14B4-7E9FE8233AA8" value="true"/>
</engineerTo>
<nullsAllowed>true</nullsAllowed>
<use>0</use>
<ownDataTypeParameters>,,</ownDataTypeParameters>
</Attribute>
<Attribute name="Client_Id" id="DC132757-0B18-0E01-E7AB-47C76CAB19C0">
<createdBy>Samuel Landman</createdBy>
<createdTime>2021-11-14 05:40:37 UTC</createdTime>
<generatorID>FD0F731B-FC1D-8148-0249-D1CBA8BD46E8</generatorID>
<ownerDesignName>Updated ER Diagram</ownerDesignName>
<engineerTo>
<item key="5701BE9D-90C9-9C5C-14B4-7E9FE8233AA8" value="true"/>
</engineerTo>
<referedAttribute>74C9650D-CFEB-9275-CF37-BB0E3CCDFA5C</referedAttribute>
<use>0</use>
<logicalDatatype>LOGDT024</logicalDatatype>
<domain>25B315E2-2263-D67A-D76A-04A751CB5086</domain>
<ownDataTypeParameters>,,</ownDataTypeParameters>
</Attribute>
<Attribute name="Saloon_Id" id="83FAF442-FB82-31FD-8FB5-9DE72A7D9C6B">
<createdBy>Samuel Landman</createdBy>
<createdTime>2021-11-14 05:57:29 UTC</createdTime>
<generatorID>4B561512-1986-B8F0-268B-7D4C9766B21B</generatorID>
<ownerDesignName>Updated ER Diagram</ownerDesignName>
<engineerTo>
<item key="5701BE9D-90C9-9C5C-14B4-7E9FE8233AA8" value="true"/>
</engineerTo>
<referedAttribute>5AB5A647-B8C8-3D64-5F92-B723BFF2158D</referedAttribute>
<use>0</use>
<ownDataTypeParameters>,,</ownDataTypeParameters>
</Attribute>
</attributes>
<identifiers itemClass="oracle.dbtools.crest.model.design.logical.CandidateKey">
<identifier id="A75D5466-0763-AB29-7A80-EC7C649637EA" name="favourites PK">
<createdBy>Samuel Landman</createdBy>
<createdTime>2021-11-13 19:29:27 UTC</createdTime>
<ownerDesignName>Updated ER Diagram</ownerDesignName>
<shouldEngineer>false</shouldEngineer>
<engineerTo>
<item key="5701BE9D-90C9-9C5C-14B4-7E9FE8233AA8" value="false"/>
</engineerTo>
<pk>true</pk>
<usedAttributes>
<attributeRef>39F9FD19-0ADD-8B2C-D562-3BB887279DA2</attributeRef>
</usedAttributes>
</identifier>
</identifiers>
</Entity>