<?xml version = '1.0' encoding = 'UTF-8'?>
<Entity class="oracle.dbtools.crest.model.design.logical.Entity" directorySegmentName="seg_0" id="7F40FFDF-ADE8-A77C-B4B4-BD04E04AB143" name="Promotions">
<createdBy>Samuel Landman</createdBy>
<createdTime>2021-10-27 07:20:51 UTC</createdTime>
<ownerDesignName>Updated ER Diagram</ownerDesignName>
<engineerTo>
<item key="5701BE9D-90C9-9C5C-14B4-7E9FE8233AA8" value="true"/>
</engineerTo>
<adequatelyNormalized>NO</adequatelyNormalized>
<expectedVolumes>0</expectedVolumes>
<fwdEngineeringStrategyName>Single Table</fwdEngineeringStrategyName>
<growthPercent>0</growthPercent>
<growthType>Year</growthType>
<maxVolumes>9999999</maxVolumes>
<minVolumes>0</minVolumes>
<normalForm>Third</normalForm>
<attributes itemClass="oracle.dbtools.crest.model.design.logical.Attribute">
<Attribute name="Promotion_Id" id="8A6A3184-A792-469A-57E3-A102919927ED">
<createdBy>Samuel Landman</createdBy>
<createdTime>2021-10-27 07:57:22 UTC</createdTime>
<ownerDesignName>Updated ER Diagram</ownerDesignName>
<engineerTo>
<item key="5701BE9D-90C9-9C5C-14B4-7E9FE8233AA8" value="true"/>
</engineerTo>
<use>0</use>
<logicalDatatype>LOGDT019</logicalDatatype>
<domain>84FBC093-DBB3-C54C-ADD5-8B6376B1A16A</domain>
<ownDataTypeParameters>,,</ownDataTypeParameters>
</Attribute>
<Attribute name="Promo_product" id="A39D5F87-1ACC-68C3-BFF1-B70D4820CE60">
<createdBy>Samuel Landman</createdBy>
<createdTime>2021-10-27 07:57:51 UTC</createdTime>
<ownerDesignName>Updated ER Diagram</ownerDesignName>
<engineerTo>
<item key="5701BE9D-90C9-9C5C-14B4-7E9FE8233AA8" value="true"/>
</engineerTo>
<use>0</use>
<ownDataTypeParameters>,,</ownDataTypeParameters>
</Attribute>
<Attribute name="Promo_duration" id="6D2C2AED-1A05-D85B-4549-095CD747BE2C">
<createdBy>Samuel Landman</createdBy>
<createdTime>2021-10-27 07:58:30 UTC</createdTime>
<ownerDesignName>Updated ER Diagram</ownerDesignName>
<engineerTo>
<item key="5701BE9D-90C9-9C5C-14B4-7E9FE8233AA8" value="true"/>
</engineerTo>
<useDomainConstraints>false</useDomainConstraints>
<use>1</use>
<logicalDatatype>LOGDT008</logicalDatatype>
<ownDataTypeParameters>,,</ownDataTypeParameters>
</Attribute>
<Attribute name="Promo_discount" id="F30E1BA2-F5AD-7904-D06F-2C6F5444A987">
<createdBy>Samuel Landman</createdBy>
<createdTime>2021-10-27 07:58:56 UTC</createdTime>
<ownerDesignName>Updated ER Diagram</ownerDesignName>
<engineerTo>
<item key="5701BE9D-90C9-9C5C-14B4-7E9FE8233AA8" value="true"/>
</engineerTo>
<use>0</use>
<ownDataTypeParameters>,,</ownDataTypeParameters>
</Attribute>
<Attribute name="Promo_code" id="10CEE97D-66E1-2F61-AECB-ACF79D184BF5">
<createdBy>Samuel Landman</createdBy>
<createdTime>2021-11-13 19:21:42 UTC</createdTime>
<ownerDesignName>Updated ER Diagram</ownerDesignName>
<engineerTo>
<item key="5701BE9D-90C9-9C5C-14B4-7E9FE8233AA8" value="true"/>
</engineerTo>
<use>0</use>
<ownDataTypeParameters>,,</ownDataTypeParameters>
</Attribute>
<Attribute name="Service_Id" id="2F1851A9-89CB-28DA-92D2-056D8F5E04BB">
<createdBy>Samuel Landman</createdBy>
<createdTime>2021-11-13 21:13:49 UTC</createdTime>
<generatorID>29F7BE1F-A906-2AC9-76E3-EE0A69478413</generatorID>
<ownerDesignName>Updated ER Diagram</ownerDesignName>
<engineerTo>
<item key="5701BE9D-90C9-9C5C-14B4-7E9FE8233AA8" value="true"/>
</engineerTo>
<referedAttribute>24A9A5DD-5BC4-4A7C-56B2-CD200F15E9AF</referedAttribute>
<use>0</use>
<logicalDatatype>A3A3C77D-0366-9768-FF89-1C25E56881C8</logicalDatatype>
<domain>6499C6FC-6127-F57D-3239-9E775D797BF7</domain>
<ownDataTypeParameters>,,</ownDataTypeParameters>
</Attribute>
</attributes>
<identifiers itemClass="oracle.dbtools.crest.model.design.logical.CandidateKey">
<identifier id="46B4275F-7BB6-0D84-D56B-3ED184CA6568" name="Promotions PK">
<createdBy>Samuel Landman</createdBy>
<createdTime>2021-10-27 07:57:43 UTC</createdTime>
<ownerDesignName>Updated ER Diagram</ownerDesignName>
<shouldEngineer>false</shouldEngineer>
<engineerTo>
<item key="5701BE9D-90C9-9C5C-14B4-7E9FE8233AA8" value="false"/>
</engineerTo>
<pk>true</pk>
<usedAttributes>
<attributeRef>8A6A3184-A792-469A-57E3-A102919927ED</attributeRef>
</usedAttributes>
</identifier>
</identifiers>
</Entity>