<?xml version = '1.0' encoding = 'UTF-8'?>
<Entity class="oracle.dbtools.crest.model.design.logical.Entity" directorySegmentName="seg_0" id="8CFBD75E-6DB2-40CB-841A-185C7ADB8B44" name="User_Registration">
<createdBy>Samuel Landman</createdBy>
<createdTime>2021-10-27 06:58:49 UTC</createdTime>
<ownerDesignName>Updated ER Diagram</ownerDesignName>
<engineerTo>
<item key="5701BE9D-90C9-9C5C-14B4-7E9FE8233AA8" value="true"/>
</engineerTo>
<adequatelyNormalized>NO</adequatelyNormalized>
<expectedVolumes>0</expectedVolumes>
<fwdEngineeringStrategyName>Single Table</fwdEngineeringStrategyName>
<growthPercent>0</growthPercent>
<growthType>Year</growthType>
<maxVolumes>9999999</maxVolumes>
<minVolumes>0</minVolumes>
<normalForm>Third</normalForm>
<attributes itemClass="oracle.dbtools.crest.model.design.logical.Attribute">
<Attribute name="User_registration_Id" id="A85255AA-16C2-C497-5B35-833DDA501038">
<createdBy>Samuel Landman</createdBy>
<createdTime>2021-10-27 07:23:40 UTC</createdTime>
<ownerDesignName>Updated ER Diagram</ownerDesignName>
<engineerTo>
<item key="5701BE9D-90C9-9C5C-14B4-7E9FE8233AA8" value="true"/>
</engineerTo>
<use>0</use>
<ownDataTypeParameters>,,</ownDataTypeParameters>
</Attribute>
<Attribute name="User_name" id="28D10E9C-9EBE-7D79-6729-1362D8F562C8">
<createdBy>Samuel Landman</createdBy>
<createdTime>2021-10-27 07:25:02 UTC</createdTime>
<ownerDesignName>Updated ER Diagram</ownerDesignName>
<engineerTo>
<item key="5701BE9D-90C9-9C5C-14B4-7E9FE8233AA8" value="true"/>
</engineerTo>
<use>0</use>
<logicalDatatype>LOGDT024</logicalDatatype>
<domain>42511F15-730B-09F5-7A95-276023896829</domain>
<ownDataTypeParameters>,,</ownDataTypeParameters>
</Attribute>
<Attribute name="user_surname" id="38F84F7B-ABEE-FC38-DC76-5B13113E0EFE">
<createdBy>Samuel Landman</createdBy>
<createdTime>2021-11-13 21:01:27 UTC</createdTime>
<ownerDesignName>Updated ER Diagram</ownerDesignName>
<engineerTo>
<item key="5701BE9D-90C9-9C5C-14B4-7E9FE8233AA8" value="true"/>
</engineerTo>
<use>0</use>
<ownDataTypeParameters>,,</ownDataTypeParameters>
</Attribute>
<Attribute name="User_password" id="04C93931-FB8D-E0B4-C3E6-DA2BD999EFF8">
<createdBy>Samuel Landman</createdBy>
<createdTime>2021-10-27 07:27:40 UTC</createdTime>
<ownerDesignName>Updated ER Diagram</ownerDesignName>
<engineerTo>
<item key="5701BE9D-90C9-9C5C-14B4-7E9FE8233AA8" value="true"/>
</engineerTo>
<use>0</use>
<ownDataTypeParameters>,,</ownDataTypeParameters>
</Attribute>
</attributes>
<identifiers itemClass="oracle.dbtools.crest.model.design.logical.CandidateKey">
<identifier id="F80069DD-F414-7173-B15E-D42181FC187B" name="User_Registration PK">
<createdBy>Samuel Landman</createdBy>
<createdTime>2021-10-27 07:24:10 UTC</createdTime>
<ownerDesignName>Updated ER Diagram</ownerDesignName>
<shouldEngineer>false</shouldEngineer>
<engineerTo>
<item key="5701BE9D-90C9-9C5C-14B4-7E9FE8233AA8" value="false"/>
</engineerTo>
<pk>true</pk>
<usedAttributes>
<attributeRef>A85255AA-16C2-C497-5B35-833DDA501038</attributeRef>
</usedAttributes>
</identifier>
</identifiers>
</Entity>