<?xml version = '1.0' encoding = 'UTF-8'?>
<Entity class="oracle.dbtools.crest.model.design.logical.Entity" directorySegmentName="seg_0" id="A9BD7B9C-F7ED-6C09-EB63-AC3013EF85F1" name="Promo_Reedemed">
<createdBy>Samuel Landman</createdBy>
<createdTime>2021-11-13 21:18:52 UTC</createdTime>
<ownerDesignName>Updated ER Diagram</ownerDesignName>
<engineerTo>
<item key="5701BE9D-90C9-9C5C-14B4-7E9FE8233AA8" value="true"/>
</engineerTo>
<adequatelyNormalized>NO</adequatelyNormalized>
<expectedVolumes>0</expectedVolumes>
<fwdEngineeringStrategyName>Single Table</fwdEngineeringStrategyName>
<growthPercent>0</growthPercent>
<growthType>Year</growthType>
<maxVolumes>9999999</maxVolumes>
<minVolumes>0</minVolumes>
<normalForm>Third</normalForm>
<attributes itemClass="oracle.dbtools.crest.model.design.logical.Attribute">
<Attribute name="Promotion_Id" id="DD357374-113D-9028-2B53-DA8C78F36C3C">
<createdBy>Samuel Landman</createdBy>
<createdTime>2021-11-13 21:19:56 UTC</createdTime>
<generatorID>CF7C0629-7B23-1089-E0DA-0599E42BFCAF</generatorID>
<ownerDesignName>Updated ER Diagram</ownerDesignName>
<engineerTo>
<item key="5701BE9D-90C9-9C5C-14B4-7E9FE8233AA8" value="true"/>
</engineerTo>
<referedAttribute>8A6A3184-A792-469A-57E3-A102919927ED</referedAttribute>
<use>0</use>
<logicalDatatype>LOGDT019</logicalDatatype>
<domain>84FBC093-DBB3-C54C-ADD5-8B6376B1A16A</domain>
<ownDataTypeParameters>,,</ownDataTypeParameters>
</Attribute>
<Attribute name="Client_Id" id="571CAADA-87E3-F7A2-08B1-CA8307964F51">
<createdBy>Samuel Landman</createdBy>
<createdTime>2021-11-14 05:31:25 UTC</createdTime>
<generatorID>275FEE32-B760-B9DD-D934-315EE3A3C77D</generatorID>
<ownerDesignName>Updated ER Diagram</ownerDesignName>
<engineerTo>
<item key="5701BE9D-90C9-9C5C-14B4-7E9FE8233AA8" value="true"/>
</engineerTo>
<referedAttribute>74C9650D-CFEB-9275-CF37-BB0E3CCDFA5C</referedAttribute>
<use>0</use>
<logicalDatatype>LOGDT024</logicalDatatype>
<domain>25B315E2-2263-D67A-D76A-04A751CB5086</domain>
<ownDataTypeParameters>,,</ownDataTypeParameters>
</Attribute>
<Attribute name="Promo_redeemed" id="8F0E0070-7901-906F-9338-D7ECFFA3EFA1">
<createdBy>Samuel Landman</createdBy>
<createdTime>2021-11-14 05:59:54 UTC</createdTime>
<ownerDesignName>Updated ER Diagram</ownerDesignName>
<engineerTo>
<item key="5701BE9D-90C9-9C5C-14B4-7E9FE8233AA8" value="true"/>
</engineerTo>
<useDomainConstraints>false</useDomainConstraints>
<use>1</use>
<logicalDatatype>LOGDT006</logicalDatatype>
<dataTypeSize>1</dataTypeSize>
<ownDataTypeParameters>1,,</ownDataTypeParameters>
</Attribute>
</attributes>
</Entity>