<?xml version = '1.0' encoding = 'UTF-8'?>
<Entity class="oracle.dbtools.crest.model.design.logical.Entity" directorySegmentName="seg_0" id="AC6E2D3E-B840-EE78-F957-0040096871FD" name="Payments">
<createdBy>Samuel Landman</createdBy>
<createdTime>2021-10-27 07:08:16 UTC</createdTime>
<ownerDesignName>Updated ER Diagram</ownerDesignName>
<engineerTo>
<item key="5701BE9D-90C9-9C5C-14B4-7E9FE8233AA8" value="true"/>
</engineerTo>
<adequatelyNormalized>NO</adequatelyNormalized>
<expectedVolumes>0</expectedVolumes>
<fwdEngineeringStrategyName>Single Table</fwdEngineeringStrategyName>
<growthPercent>0</growthPercent>
<growthType>Year</growthType>
<maxVolumes>9999999</maxVolumes>
<minVolumes>0</minVolumes>
<normalForm>Third</normalForm>
<attributes itemClass="oracle.dbtools.crest.model.design.logical.Attribute">
<Attribute name=" Transaction_Id" id="E6CD18CE-CCD5-BCBF-ED51-84C839F0D375">
<createdBy>Samuel Landman</createdBy>
<createdTime>2021-10-27 07:53:20 UTC</createdTime>
<ownerDesignName>Updated ER Diagram</ownerDesignName>
<engineerTo>
<item key="5701BE9D-90C9-9C5C-14B4-7E9FE8233AA8" value="true"/>
</engineerTo>
<use>0</use>
<logicalDatatype>LOGDT019</logicalDatatype>
<domain>84FBC093-DBB3-C54C-ADD5-8B6376B1A16A</domain>
<ownDataTypeParameters>,,</ownDataTypeParameters>
</Attribute>
<Attribute name=" Transaction_date" id="0BCD4CF0-00F5-D2F2-1F83-92963DE019AB">
<createdBy>Samuel Landman</createdBy>
<createdTime>2021-10-27 07:54:00 UTC</createdTime>
<ownerDesignName>Updated ER Diagram</ownerDesignName>
<engineerTo>
<item key="5701BE9D-90C9-9C5C-14B4-7E9FE8233AA8" value="true"/>
</engineerTo>
<useDomainConstraints>false</useDomainConstraints>
<use>1</use>
<logicalDatatype>LOGDT007</logicalDatatype>
<ownDataTypeParameters>,,</ownDataTypeParameters>
</Attribute>
<Attribute name="Transaction_time" id="C753947A-DAAB-DCEF-33A2-DCBD93ACDD0E">
<createdBy>Samuel Landman</createdBy>
<createdTime>2021-10-27 07:54:28 UTC</createdTime>
<ownerDesignName>Updated ER Diagram</ownerDesignName>
<engineerTo>
<item key="5701BE9D-90C9-9C5C-14B4-7E9FE8233AA8" value="true"/>
</engineerTo>
<useDomainConstraints>false</useDomainConstraints>
<use>1</use>
<logicalDatatype>LOGDT008</logicalDatatype>
<ownDataTypeParameters>,,</ownDataTypeParameters>
</Attribute>
<Attribute name="Payment_Method" id="9F59B824-5369-0FBC-F775-B8AB90980ECE">
<createdBy>Samuel Landman</createdBy>
<createdTime>2021-10-27 09:06:46 UTC</createdTime>
<ownerDesignName>Updated ER Diagram</ownerDesignName>
<engineerTo>
<item key="5701BE9D-90C9-9C5C-14B4-7E9FE8233AA8" value="true"/>
</engineerTo>
<use>0</use>
<ownDataTypeParameters>,,</ownDataTypeParameters>
</Attribute>
<Attribute name="Booking_Id" id="008D42D7-3D2B-DE16-2EFF-5BFE646D1219">
<createdBy>Samuel Landman</createdBy>
<createdTime>2021-11-14 05:46:08 UTC</createdTime>
<generatorID>F2A25D77-2C91-C286-3FCE-B3F2EEBF458C</generatorID>
<ownerDesignName>Updated ER Diagram</ownerDesignName>
<engineerTo>
<item key="5701BE9D-90C9-9C5C-14B4-7E9FE8233AA8" value="true"/>
</engineerTo>
<referedAttribute>36FF4BBE-37B9-7E83-413F-E207F372DECD</referedAttribute>
<use>0</use>
<logicalDatatype>LOGDT019</logicalDatatype>
<domain>84FBC093-DBB3-C54C-ADD5-8B6376B1A16A</domain>
<ownDataTypeParameters>,,</ownDataTypeParameters>
</Attribute>
</attributes>
<identifiers itemClass="oracle.dbtools.crest.model.design.logical.CandidateKey">
<identifier id="39E24138-55DC-D00D-399F-8224650600F6" name="Payments PK">
<createdBy>Samuel Landman</createdBy>
<createdTime>2021-10-27 07:53:54 UTC</createdTime>
<ownerDesignName>Updated ER Diagram</ownerDesignName>
<shouldEngineer>false</shouldEngineer>
<engineerTo>
<item key="5701BE9D-90C9-9C5C-14B4-7E9FE8233AA8" value="false"/>
</engineerTo>
<pk>true</pk>
<usedAttributes>
<attributeRef>E6CD18CE-CCD5-BCBF-ED51-84C839F0D375</attributeRef>
</usedAttributes>
</identifier>
</identifiers>
</Entity>