<?xml version = '1.0' encoding = 'UTF-8'?>
<Entity class="oracle.dbtools.crest.model.design.logical.Entity" directorySegmentName="seg_0" id="BDF32D4F-2403-D080-6045-F0278A1CE5CC" name="Services">
<createdBy>Samuel Landman</createdBy>
<createdTime>2021-10-27 07:00:14 UTC</createdTime>
<ownerDesignName>Updated ER Diagram</ownerDesignName>
<engineerTo>
<item key="5701BE9D-90C9-9C5C-14B4-7E9FE8233AA8" value="true"/>
</engineerTo>
<adequatelyNormalized>NO</adequatelyNormalized>
<expectedVolumes>0</expectedVolumes>
<fwdEngineeringStrategyName>Single Table</fwdEngineeringStrategyName>
<growthPercent>0</growthPercent>
<growthType>Year</growthType>
<maxVolumes>9999999</maxVolumes>
<minVolumes>0</minVolumes>
<normalForm>Third</normalForm>
<attributes itemClass="oracle.dbtools.crest.model.design.logical.Attribute">
<Attribute name="Service_Id" id="24A9A5DD-5BC4-4A7C-56B2-CD200F15E9AF">
<createdBy>Samuel Landman</createdBy>
<createdTime>2021-10-27 07:44:22 UTC</createdTime>
<ownerDesignName>Updated ER Diagram</ownerDesignName>
<engineerTo>
<item key="5701BE9D-90C9-9C5C-14B4-7E9FE8233AA8" value="true"/>
</engineerTo>
<use>0</use>
<logicalDatatype>A3A3C77D-0366-9768-FF89-1C25E56881C8</logicalDatatype>
<domain>6499C6FC-6127-F57D-3239-9E775D797BF7</domain>
<ownDataTypeParameters>,,</ownDataTypeParameters>
</Attribute>
<Attribute name="Service_name" id="FB9686CC-8A35-4D0E-9BE2-D42247ED8D30">
<createdBy>Samuel Landman</createdBy>
<createdTime>2021-11-13 19:16:32 UTC</createdTime>
<ownerDesignName>Updated ER Diagram</ownerDesignName>
<engineerTo>
<item key="5701BE9D-90C9-9C5C-14B4-7E9FE8233AA8" value="true"/>
</engineerTo>
<use>0</use>
<ownDataTypeParameters>,,</ownDataTypeParameters>
</Attribute>
<Attribute name="Service_price" id="132ECBAD-BC21-6081-C924-4DF5C4D49860">
<createdBy>Samuel Landman</createdBy>
<createdTime>2021-10-27 07:45:05 UTC</createdTime>
<ownerDesignName>Updated ER Diagram</ownerDesignName>
<engineerTo>
<item key="5701BE9D-90C9-9C5C-14B4-7E9FE8233AA8" value="true"/>
</engineerTo>
<use>0</use>
<ownDataTypeParameters>,,</ownDataTypeParameters>
</Attribute>
<Attribute name="Service_description" id="8260ABF1-8B07-BC83-2A45-B347740EB238">
<createdBy>Samuel Landman</createdBy>
<createdTime>2021-11-13 19:15:36 UTC</createdTime>
<ownerDesignName>Updated ER Diagram</ownerDesignName>
<engineerTo>
<item key="5701BE9D-90C9-9C5C-14B4-7E9FE8233AA8" value="true"/>
</engineerTo>
<use>0</use>
<ownDataTypeParameters>,,</ownDataTypeParameters>
</Attribute>
<Attribute name="Saloon_Id" id="ECA03B4C-A9B4-79FA-341E-2010A5C286D8">
<createdBy>Samuel Landman</createdBy>
<createdTime>2021-11-14 05:49:09 UTC</createdTime>
<generatorID>A960994F-6B83-5CCB-F8FD-09369EF8BE67</generatorID>
<ownerDesignName>Updated ER Diagram</ownerDesignName>
<engineerTo>
<item key="5701BE9D-90C9-9C5C-14B4-7E9FE8233AA8" value="true"/>
</engineerTo>
<referedAttribute>5AB5A647-B8C8-3D64-5F92-B723BFF2158D</referedAttribute>
<use>0</use>
<ownDataTypeParameters>,,</ownDataTypeParameters>
</Attribute>
</attributes>
<identifiers itemClass="oracle.dbtools.crest.model.design.logical.CandidateKey">
<identifier id="3C3E40C3-B775-AD5D-8AF5-B7779EF70512" name="Services PK">
<createdBy>Samuel Landman</createdBy>
<createdTime>2021-10-27 07:44:49 UTC</createdTime>
<ownerDesignName>Updated ER Diagram</ownerDesignName>
<shouldEngineer>false</shouldEngineer>
<engineerTo>
<item key="5701BE9D-90C9-9C5C-14B4-7E9FE8233AA8" value="false"/>
</engineerTo>
<pk>true</pk>
<usedAttributes>
<attributeRef>24A9A5DD-5BC4-4A7C-56B2-CD200F15E9AF</attributeRef>
</usedAttributes>
</identifier>
</identifiers>
</Entity>