<?xml version = '1.0' encoding = 'UTF-8'?>
<Entity class="oracle.dbtools.crest.model.design.logical.Entity" directorySegmentName="seg_0" id="C920A3B4-C624-997A-50C5-1A4AE715D32E" name="Client">
<createdBy>Samuel Landman</createdBy>
<createdTime>2021-10-27 06:58:23 UTC</createdTime>
<ownerDesignName>Updated ER Diagram</ownerDesignName>
<engineerTo>
<item key="5701BE9D-90C9-9C5C-14B4-7E9FE8233AA8" value="true"/>
</engineerTo>
<adequatelyNormalized>NO</adequatelyNormalized>
<expectedVolumes>0</expectedVolumes>
<fwdEngineeringStrategyName>Single Table</fwdEngineeringStrategyName>
<growthPercent>0</growthPercent>
<growthType>Year</growthType>
<hierarchicalParent>8CFBD75E-6DB2-40CB-841A-185C7ADB8B44</hierarchicalParent>
<maxVolumes>9999999</maxVolumes>
<minVolumes>0</minVolumes>
<normalForm>Third</normalForm>
<attributes itemClass="oracle.dbtools.crest.model.design.logical.Attribute">
<Attribute name="Client_Id" id="74C9650D-CFEB-9275-CF37-BB0E3CCDFA5C">
<createdBy>Samuel Landman</createdBy>
<createdTime>2021-10-27 07:32:34 UTC</createdTime>
<ownerDesignName>Updated ER Diagram</ownerDesignName>
<engineerTo>
<item key="5701BE9D-90C9-9C5C-14B4-7E9FE8233AA8" value="true"/>
</engineerTo>
<use>0</use>
<logicalDatatype>LOGDT024</logicalDatatype>
<domain>25B315E2-2263-D67A-D76A-04A751CB5086</domain>
<ownDataTypeParameters>,,</ownDataTypeParameters>
</Attribute>
<Attribute name="Client_Name" id="C67D04D2-8390-C704-B0F2-6E511223B433">
<createdBy>Samuel Landman</createdBy>
<createdTime>2021-10-27 07:33:02 UTC</createdTime>
<ownerDesignName>Updated ER Diagram</ownerDesignName>
<engineerTo>
<item key="5701BE9D-90C9-9C5C-14B4-7E9FE8233AA8" value="true"/>
</engineerTo>
<use>0</use>
<logicalDatatype>LOGDT024</logicalDatatype>
<domain>42511F15-730B-09F5-7A95-276023896829</domain>
<ownDataTypeParameters>,,</ownDataTypeParameters>
</Attribute>
</attributes>
<identifiers itemClass="oracle.dbtools.crest.model.design.logical.CandidateKey">
<identifier id="D6C0B587-4F7A-034E-5DF7-3544D06C3E5B" name="Client PK">
<createdBy>Samuel Landman</createdBy>
<createdTime>2021-10-27 07:32:56 UTC</createdTime>
<ownerDesignName>Updated ER Diagram</ownerDesignName>
<shouldEngineer>false</shouldEngineer>
<engineerTo>
<item key="5701BE9D-90C9-9C5C-14B4-7E9FE8233AA8" value="false"/>
</engineerTo>
<pk>true</pk>
<usedAttributes>
<attributeRef>74C9650D-CFEB-9275-CF37-BB0E3CCDFA5C</attributeRef>
</usedAttributes>
</identifier>
</identifiers>
</Entity>