<?xml version = '1.0' encoding = 'UTF-8'?>
<Entity class="oracle.dbtools.crest.model.design.logical.Entity" directorySegmentName="seg_0" id="DDFD7A68-1274-7586-E80E-46260692E512" name="Reviews">
<createdBy>Samuel Landman</createdBy>
<createdTime>2021-10-27 07:06:44 UTC</createdTime>
<ownerDesignName>Updated ER Diagram</ownerDesignName>
<engineerTo>
<item key="5701BE9D-90C9-9C5C-14B4-7E9FE8233AA8" value="true"/>
</engineerTo>
<adequatelyNormalized>NO</adequatelyNormalized>
<expectedVolumes>0</expectedVolumes>
<fwdEngineeringStrategyName>Single Table</fwdEngineeringStrategyName>
<growthPercent>0</growthPercent>
<growthType>Year</growthType>
<maxVolumes>9999999</maxVolumes>
<minVolumes>0</minVolumes>
<normalForm>Third</normalForm>
<attributes itemClass="oracle.dbtools.crest.model.design.logical.Attribute">
<Attribute name="Review_Id" id="40F167F5-1F79-4C03-DDFF-31187916513D">
<createdBy>Samuel Landman</createdBy>
<createdTime>2021-10-27 07:55:24 UTC</createdTime>
<ownerDesignName>Updated ER Diagram</ownerDesignName>
<engineerTo>
<item key="5701BE9D-90C9-9C5C-14B4-7E9FE8233AA8" value="true"/>
</engineerTo>
<use>0</use>
<logicalDatatype>LOGDT019</logicalDatatype>
<domain>84FBC093-DBB3-C54C-ADD5-8B6376B1A16A</domain>
<ownDataTypeParameters>,,</ownDataTypeParameters>
</Attribute>
<Attribute name="Review_info" id="4E32FD24-2804-CC06-D472-6ABAC923B812">
<createdBy>Samuel Landman</createdBy>
<createdTime>2021-10-27 07:56:06 UTC</createdTime>
<ownerDesignName>Updated ER Diagram</ownerDesignName>
<engineerTo>
<item key="5701BE9D-90C9-9C5C-14B4-7E9FE8233AA8" value="true"/>
</engineerTo>
<nullsAllowed>true</nullsAllowed>
<use>0</use>
<ownDataTypeParameters>,,</ownDataTypeParameters>
</Attribute>
<Attribute name=" Transaction_Id" id="853D9C17-2861-795E-B411-2CC893402B69">
<createdBy>Samuel Landman</createdBy>
<createdTime>2021-11-14 05:39:17 UTC</createdTime>
<generatorID>1FA1AF0A-61EE-39F1-954C-E939ED4C9E7D</generatorID>
<ownerDesignName>Updated ER Diagram</ownerDesignName>
<engineerTo>
<item key="5701BE9D-90C9-9C5C-14B4-7E9FE8233AA8" value="true"/>
</engineerTo>
<referedAttribute>E6CD18CE-CCD5-BCBF-ED51-84C839F0D375</referedAttribute>
<use>0</use>
<logicalDatatype>LOGDT019</logicalDatatype>
<domain>84FBC093-DBB3-C54C-ADD5-8B6376B1A16A</domain>
<ownDataTypeParameters>,,</ownDataTypeParameters>
</Attribute>
</attributes>
<identifiers itemClass="oracle.dbtools.crest.model.design.logical.CandidateKey">
<identifier id="F91BB8CA-7E30-2F76-AD31-3B65434FEBDD" name="Reviews PK">
<createdBy>Samuel Landman</createdBy>
<createdTime>2021-10-27 07:55:46 UTC</createdTime>
<ownerDesignName>Updated ER Diagram</ownerDesignName>
<shouldEngineer>false</shouldEngineer>
<engineerTo>
<item key="5701BE9D-90C9-9C5C-14B4-7E9FE8233AA8" value="false"/>
</engineerTo>
<pk>true</pk>
<usedAttributes>
<attributeRef>40F167F5-1F79-4C03-DDFF-31187916513D</attributeRef>
</usedAttributes>
</identifier>
</identifiers>
</Entity>