<?xml version = '1.0' encoding = 'UTF-8'?>
<Entity class="oracle.dbtools.crest.model.design.logical.Entity" directorySegmentName="seg_0" id="FE012C01-2B11-682E-D081-3EEB990369DB" name="Images">
<createdBy>Samuel Landman</createdBy>
<createdTime>2021-11-13 19:18:03 UTC</createdTime>
<ownerDesignName>Updated ER Diagram</ownerDesignName>
<engineerTo>
<item key="5701BE9D-90C9-9C5C-14B4-7E9FE8233AA8" value="true"/>
</engineerTo>
<adequatelyNormalized>NO</adequatelyNormalized>
<expectedVolumes>0</expectedVolumes>
<fwdEngineeringStrategyName>Single Table</fwdEngineeringStrategyName>
<growthPercent>0</growthPercent>
<growthType>Year</growthType>
<maxVolumes>9999999</maxVolumes>
<minVolumes>0</minVolumes>
<normalForm>Third</normalForm>
<attributes itemClass="oracle.dbtools.crest.model.design.logical.Attribute">
<Attribute name="Image_id" id="65A0190D-A364-FA1D-8BC8-C7BFEBB6923A">
<createdBy>Samuel Landman</createdBy>
<createdTime>2021-11-13 19:18:21 UTC</createdTime>
<ownerDesignName>Updated ER Diagram</ownerDesignName>
<engineerTo>
<item key="5701BE9D-90C9-9C5C-14B4-7E9FE8233AA8" value="true"/>
</engineerTo>
<use>0</use>
<ownDataTypeParameters>,,</ownDataTypeParameters>
</Attribute>
<Attribute name="Image_description" id="41806D86-DAF0-E503-22B3-446EB10E4325">
<createdBy>Samuel Landman</createdBy>
<createdTime>2021-11-13 19:18:30 UTC</createdTime>
<ownerDesignName>Updated ER Diagram</ownerDesignName>
<engineerTo>
<item key="5701BE9D-90C9-9C5C-14B4-7E9FE8233AA8" value="true"/>
</engineerTo>
<use>0</use>
<ownDataTypeParameters>,,</ownDataTypeParameters>
</Attribute>
<Attribute name="Service_Id" id="04E0EE2C-DA6D-49A9-12D0-113B4BB2F8F8">
<createdBy>Samuel Landman</createdBy>
<createdTime>2021-11-13 21:12:41 UTC</createdTime>
<generatorID>A7ED5081-8F11-4B19-F8E4-33413F895A58</generatorID>
<ownerDesignName>Updated ER Diagram</ownerDesignName>
<engineerTo>
<item key="5701BE9D-90C9-9C5C-14B4-7E9FE8233AA8" value="true"/>
</engineerTo>
<referedAttribute>24A9A5DD-5BC4-4A7C-56B2-CD200F15E9AF</referedAttribute>
<use>0</use>
<logicalDatatype>A3A3C77D-0366-9768-FF89-1C25E56881C8</logicalDatatype>
<domain>6499C6FC-6127-F57D-3239-9E775D797BF7</domain>
<ownDataTypeParameters>,,</ownDataTypeParameters>
</Attribute>
</attributes>
<identifiers itemClass="oracle.dbtools.crest.model.design.logical.CandidateKey">
<identifier id="A63E3CA2-F83C-D79F-E1B2-138004C832C1" name="Images PK">
<createdBy>Samuel Landman</createdBy>
<createdTime>2021-11-13 19:18:38 UTC</createdTime>
<ownerDesignName>Updated ER Diagram</ownerDesignName>
<shouldEngineer>false</shouldEngineer>
<engineerTo>
<item key="5701BE9D-90C9-9C5C-14B4-7E9FE8233AA8" value="false"/>
</engineerTo>
<pk>true</pk>
<usedAttributes>
<attributeRef>65A0190D-A364-FA1D-8BC8-C7BFEBB6923A</attributeRef>
</usedAttributes>
</identifier>
</identifiers>
</Entity>