<?xml version = '1.0' encoding = 'UTF-8'?>
<Table class="oracle.dbtools.crest.model.design.relational.Table" directorySegmentName="seg_0" id="1E16255B-FB66-7723-EF4D-F65901E7278B" name="Address">
<createdBy>Samuel Landman</createdBy>
<createdTime>2021-11-13 21:20:27 UTC</createdTime>
<generatorID>BE60BFDA-BCA5-C76E-7C06-12D9591454BC</generatorID>
<ownerDesignName>Updated ER Diagram</ownerDesignName>
<allowColumnReorder>false</allowColumnReorder>
<existDependencyGenerateInDDl>true</existDependencyGenerateInDDl>
<parsed>true</parsed>
<columns itemClass="oracle.dbtools.crest.model.design.relational.Column">
<Column name="Address_ID" id="0BEE72B8-F513-ABA5-CE65-89B9021297C5">
<createdBy>Samuel Landman</createdBy>
<createdTime>2021-11-14 06:05:04 UTC</createdTime>
<ownerDesignName>Updated ER Diagram</ownerDesignName>
<useDomainConstraints>false</useDomainConstraints>
<use>1</use>
<logicalDatatype>LOGDT019</logicalDatatype>
<ownDataTypeParameters>,,</ownDataTypeParameters>
<autoIncrementColumn>true</autoIncrementColumn>
<identityColumn>true</identityColumn>
<autoIncrementCycle>false</autoIncrementCycle>
<isSurrogateColumn>true</isSurrogateColumn>
</Column>
<Column name="Saloon_address" id="9689C211-0797-85E4-973A-5CB33096CDB3">
<createdBy>Samuel Landman</createdBy>
<createdTime>2021-11-13 21:20:27 UTC</createdTime>
<generatorID>002B004F-CF8F-E6EE-57EF-B294751C704B</generatorID>
<ownerDesignName>Updated ER Diagram</ownerDesignName>
<use>0</use>
<logicalDatatype>LOGDT024</logicalDatatype>
<domain>B9829182-E19A-1743-9919-762081A744BD</domain>
<ownDataTypeParameters>,,</ownDataTypeParameters>
<autoIncrementCycle>false</autoIncrementCycle>
</Column>
<Column name="Street_name" id="EBABBF9D-5884-81D2-ECA0-020D510FA6E2">
<createdBy>Samuel Landman</createdBy>
<createdTime>2021-11-13 21:20:27 UTC</createdTime>
<generatorID>A394217D-DC53-938D-FC95-CB3624116389</generatorID>
<ownerDesignName>Updated ER Diagram</ownerDesignName>
<use>0</use>
<logicalDatatype>LOGDT024</logicalDatatype>
<domain>B9829182-E19A-1743-9919-762081A744BD</domain>
<ownDataTypeParameters>,,</ownDataTypeParameters>
<autoIncrementCycle>false</autoIncrementCycle>
</Column>
<Column name="City" id="D63CF7DF-8A68-32A0-C183-FED0FD5E6175">
<createdBy>Samuel Landman</createdBy>
<createdTime>2021-11-13 21:20:27 UTC</createdTime>
<generatorID>91EFA13D-8A3F-4C5A-B21A-A449C74F09F2</generatorID>
<ownerDesignName>Updated ER Diagram</ownerDesignName>
<use>0</use>
<logicalDatatype>LOGDT024</logicalDatatype>
<domain>6A82A411-4A86-EA49-02AF-F1B5ABDAB183</domain>
<ownDataTypeParameters>,,</ownDataTypeParameters>
<autoIncrementCycle>false</autoIncrementCycle>
</Column>
<Column name="zip_code" id="21ABC44F-35BD-DD83-F5BF-C56AD1ACCBE5">
<createdBy>Samuel Landman</createdBy>
<createdTime>2021-11-13 21:20:27 UTC</createdTime>
<generatorID>73C5FD20-C3DF-FF14-CA38-416227B569B2</generatorID>
<ownerDesignName>Updated ER Diagram</ownerDesignName>
<use>0</use>
<logicalDatatype>LOGDT024</logicalDatatype>
<domain>4822054D-B581-1753-7F4C-77599A089DDD</domain>
<ownDataTypeParameters>,,</ownDataTypeParameters>
<autoIncrementCycle>false</autoIncrementCycle>
</Column>
<Column name="state_address" id="6E8EEAF1-7E3A-BB84-4504-A1BE8711782A">
<createdBy>Samuel Landman</createdBy>
<createdTime>2021-11-13 21:20:27 UTC</createdTime>
<generatorID>A006E1CB-5CAF-9A9B-5B32-1B6E4D8CE07A</generatorID>
<ownerDesignName>Updated ER Diagram</ownerDesignName>
<use>0</use>
<logicalDatatype>LOGDT024</logicalDatatype>
<domain>6CC1E28B-DFFF-0A4A-49EE-DD2D7C17DCDF</domain>
<ownDataTypeParameters>,,</ownDataTypeParameters>
<autoIncrementCycle>false</autoIncrementCycle>
</Column>
</columns>
<indexes itemClass="oracle.dbtools.crest.model.design.relational.Index">
<ind_PK_UK id="4D31E532-2E19-FBC8-1D94-0BB5A01FD448" name="Address_PK">
<createdBy>Samuel Landman</createdBy>
<createdTime>2021-11-14 06:05:04 UTC</createdTime>
<ownerDesignName>Updated ER Diagram</ownerDesignName>
<pk>true</pk>
<indexState>Primary Constraint</indexState>
<indexColumnUsage>
<colUsage columnID="0BEE72B8-F513-ABA5-CE65-89B9021297C5"/>
</indexColumnUsage>
</ind_PK_UK>
</indexes>
</Table>