<?xml version = '1.0' encoding = 'UTF-8'?>
<Table class="oracle.dbtools.crest.model.design.relational.Table" directorySegmentName="seg_0" id="3A2959F0-1996-DCB5-05AE-738E7BCA6E5E" name="User_Registration">
<createdBy>Samuel Landman</createdBy>
<createdTime>2021-11-13 19:01:59 UTC</createdTime>
<generatorID>8CFBD75E-6DB2-40CB-841A-185C7ADB8B44</generatorID>
<ownerDesignName>Updated ER Diagram</ownerDesignName>
<allowColumnReorder>false</allowColumnReorder>
<existDependencyGenerateInDDl>true</existDependencyGenerateInDDl>
<parsed>true</parsed>
<columns itemClass="oracle.dbtools.crest.model.design.relational.Column">
<Column name="User_registration_Id" id="A98A45EF-F350-FBB8-7430-A6B6A1DE4BC4">
<createdBy>Samuel Landman</createdBy>
<createdTime>2021-11-13 19:01:59 UTC</createdTime>
<generatorID>A85255AA-16C2-C497-5B35-833DDA501038</generatorID>
<ownerDesignName>Updated ER Diagram</ownerDesignName>
<use>0</use>
<ownDataTypeParameters>,,</ownDataTypeParameters>
<autoIncrementCycle>false</autoIncrementCycle>
</Column>
<Column name="User_name" id="E3433431-78B0-342C-E1E0-29C1E1F9E708">
<createdBy>Samuel Landman</createdBy>
<createdTime>2021-11-13 19:01:59 UTC</createdTime>
<generatorID>28D10E9C-9EBE-7D79-6729-1362D8F562C8</generatorID>
<ownerDesignName>Updated ER Diagram</ownerDesignName>
<use>0</use>
<logicalDatatype>LOGDT024</logicalDatatype>
<domain>42511F15-730B-09F5-7A95-276023896829</domain>
<ownDataTypeParameters>,,</ownDataTypeParameters>
<autoIncrementCycle>false</autoIncrementCycle>
</Column>
<Column name="User_phone_number" id="0186A873-940D-FFF6-070F-0B786A70D67B">
<createdBy>Samuel Landman</createdBy>
<createdTime>2021-11-13 19:01:59 UTC</createdTime>
<generatorID>51B1BAA6-9028-D114-9FA1-26C48C2A21C5</generatorID>
<ownerDesignName>Updated ER Diagram</ownerDesignName>
<use>0</use>
<logicalDatatype>LOGDT019</logicalDatatype>
<dataTypePrecision>10</dataTypePrecision>
<domain>F78D4994-07FF-70D6-8834-F463F3DEC828</domain>
<ownDataTypeParameters>,10,</ownDataTypeParameters>
<autoIncrementCycle>false</autoIncrementCycle>
</Column>
<Column name="User_mail" id="BF1D8AD3-67A9-11A1-DEDB-B6AE53FC2A81">
<createdBy>Samuel Landman</createdBy>
<createdTime>2021-11-13 19:01:59 UTC</createdTime>
<generatorID>5893D8A0-4AEE-D2F0-31C7-1898CA4CD41B</generatorID>
<ownerDesignName>Updated ER Diagram</ownerDesignName>
<use>0</use>
<logicalDatatype>LOGDT024</logicalDatatype>
<domain>40D24BD2-0142-B2F6-3DDA-70FE9BAECBCE</domain>
<ownDataTypeParameters>,,</ownDataTypeParameters>
<autoIncrementCycle>false</autoIncrementCycle>
</Column>
<Column name="User_password" id="DB60264E-40CF-CE4E-E190-513F0B8F312E">
<createdBy>Samuel Landman</createdBy>
<createdTime>2021-11-13 19:01:59 UTC</createdTime>
<generatorID>04C93931-FB8D-E0B4-C3E6-DA2BD999EFF8</generatorID>
<ownerDesignName>Updated ER Diagram</ownerDesignName>
<use>0</use>
<ownDataTypeParameters>,,</ownDataTypeParameters>
<autoIncrementCycle>false</autoIncrementCycle>
</Column>
<Column name="user_surname" id="4AA4E0BD-34C4-1632-08D9-44D22A925561">
<createdBy>Samuel Landman</createdBy>
<createdTime>2021-11-13 21:20:27 UTC</createdTime>
<generatorID>38F84F7B-ABEE-FC38-DC76-5B13113E0EFE</generatorID>
<ownerDesignName>Updated ER Diagram</ownerDesignName>
<use>0</use>
<ownDataTypeParameters>,,</ownDataTypeParameters>
<autoIncrementCycle>false</autoIncrementCycle>
</Column>
<Column name="Client_current_location" id="7123044A-523E-0F1F-7F1D-63F6A3C19F12">
<createdBy>Samuel Landman</createdBy>
<createdTime>2021-11-13 21:20:27 UTC</createdTime>
<generatorID>0AF64DF4-D80D-332D-7270-8146BC0F0DBF</generatorID>
<ownerDesignName>Updated ER Diagram</ownerDesignName>
<use>0</use>
<logicalDatatype>LOGDT024</logicalDatatype>
<domain>6A82A411-4A86-EA49-02AF-F1B5ABDAB183</domain>
<ownDataTypeParameters>,,</ownDataTypeParameters>
<autoIncrementCycle>false</autoIncrementCycle>
</Column>
</columns>
<indexes itemClass="oracle.dbtools.crest.model.design.relational.Index">
<ind_PK_UK id="FDB10063-C7B3-68D2-3D30-F89CE273B487" name="User_Registration_PK">
<createdBy>Samuel Landman</createdBy>
<createdTime>2021-11-13 19:01:59 UTC</createdTime>
<generatorID>F80069DD-F414-7173-B15E-D42181FC187B</generatorID>
<ownerDesignName>Updated ER Diagram</ownerDesignName>
<pk>true</pk>
<indexState>Primary Constraint</indexState>
<isSurrogateKey>false</isSurrogateKey>
<indexColumnUsage>
<colUsage columnID="A98A45EF-F350-FBB8-7430-A6B6A1DE4BC4"/>
</indexColumnUsage>
</ind_PK_UK>
</indexes>
</Table>