<?xml version = '1.0' encoding = 'UTF-8'?>
<Table class="oracle.dbtools.crest.model.design.relational.Table" directorySegmentName="seg_0" id="40A163DB-6D8C-9986-DD06-8630CFED2306" name="Images">
<createdBy>Samuel Landman</createdBy>
<createdTime>2021-11-13 21:20:27 UTC</createdTime>
<generatorID>FE012C01-2B11-682E-D081-3EEB990369DB</generatorID>
<ownerDesignName>Updated ER Diagram</ownerDesignName>
<allowColumnReorder>false</allowColumnReorder>
<existDependencyGenerateInDDl>true</existDependencyGenerateInDDl>
<parsed>true</parsed>
<columns itemClass="oracle.dbtools.crest.model.design.relational.Column">
<Column name="Image_id" id="A74CC20D-9298-C47E-FC3F-3837058E6AD9">
<createdBy>Samuel Landman</createdBy>
<createdTime>2021-11-13 21:20:27 UTC</createdTime>
<generatorID>65A0190D-A364-FA1D-8BC8-C7BFEBB6923A</generatorID>
<ownerDesignName>Updated ER Diagram</ownerDesignName>
<use>0</use>
<ownDataTypeParameters>,,</ownDataTypeParameters>
<autoIncrementCycle>false</autoIncrementCycle>
</Column>
<Column name="Image_description" id="6358CA38-DFB3-7356-C2D1-8B3185FE1A7A">
<createdBy>Samuel Landman</createdBy>
<createdTime>2021-11-13 21:20:27 UTC</createdTime>
<generatorID>41806D86-DAF0-E503-22B3-446EB10E4325</generatorID>
<ownerDesignName>Updated ER Diagram</ownerDesignName>
<use>0</use>
<ownDataTypeParameters>,,</ownDataTypeParameters>
<autoIncrementCycle>false</autoIncrementCycle>
</Column>
<Column name="Services_Service_Id" id="69F44CDD-07FA-D139-ACCA-77AA605D9400">
<createdBy>Samuel Landman</createdBy>
<createdTime>2021-11-13 21:20:27 UTC</createdTime>
<generatorID>04E0EE2C-DA6D-49A9-12D0-113B4BB2F8F8</generatorID>
<ownerDesignName>Updated ER Diagram</ownerDesignName>
<use>0</use>
<logicalDatatype>A3A3C77D-0366-9768-FF89-1C25E56881C8</logicalDatatype>
<domain>6499C6FC-6127-F57D-3239-9E775D797BF7</domain>
<ownDataTypeParameters>,,</ownDataTypeParameters>
<previousColumn>false</previousColumn>
<autoIncrementCycle>false</autoIncrementCycle>
<associations>
<colAssociation fkAssociation="63719EAF-438C-5DB9-CAED-2F14069EC303" referredColumn="272D2877-1C9C-C5CD-B8B1-CFE915E81B1B"/>
</associations>
</Column>
</columns>
<indexes itemClass="oracle.dbtools.crest.model.design.relational.Index">
<ind_PK_UK id="7AD66195-A00F-0237-74B2-3C1257219405" name="Images_PK">
<createdBy>Samuel Landman</createdBy>
<createdTime>2021-11-13 21:20:27 UTC</createdTime>
<generatorID>A63E3CA2-F83C-D79F-E1B2-138004C832C1</generatorID>
<ownerDesignName>Updated ER Diagram</ownerDesignName>
<pk>true</pk>
<indexState>Primary Constraint</indexState>
<isSurrogateKey>false</isSurrogateKey>
<indexColumnUsage>
<colUsage columnID="A74CC20D-9298-C47E-FC3F-3837058E6AD9"/>
</indexColumnUsage>
</ind_PK_UK>
<ind_PK_UK id="43348FC0-72DD-449C-2C40-A4D4C894EAC0" name="Images_Services_FK">
<createdBy>Samuel Landman</createdBy>
<createdTime>2021-11-13 21:20:28 UTC</createdTime>
<generatorID>A7ED5081-8F11-4B19-F8E4-33413F895A58</generatorID>
<ownerDesignName>Updated ER Diagram</ownerDesignName>
<indexState>Foreign Key</indexState>
<isSurrogateKey>false</isSurrogateKey>
<indexColumnUsage>
<colUsage columnID="69F44CDD-07FA-D139-ACCA-77AA605D9400"/>
</indexColumnUsage>
</ind_PK_UK>
</indexes>
</Table>