<?xml version = '1.0' encoding = 'UTF-8'?>
<Table class="oracle.dbtools.crest.model.design.relational.Table" directorySegmentName="seg_0" id="571490A2-6E76-126D-EADB-0C647AD0ACDD" name="Payments">
<createdBy>Samuel Landman</createdBy>
<createdTime>2021-11-13 19:01:58 UTC</createdTime>
<generatorID>AC6E2D3E-B840-EE78-F957-0040096871FD</generatorID>
<ownerDesignName>Updated ER Diagram</ownerDesignName>
<allowColumnReorder>false</allowColumnReorder>
<existDependencyGenerateInDDl>true</existDependencyGenerateInDDl>
<parsed>true</parsed>
<columns itemClass="oracle.dbtools.crest.model.design.relational.Column">
<Column name="Transaction_Id" id="23306EF7-41FA-0B1E-0BD4-84C028EC07A9">
<createdBy>Samuel Landman</createdBy>
<createdTime>2021-11-13 19:01:58 UTC</createdTime>
<generatorID>E6CD18CE-CCD5-BCBF-ED51-84C839F0D375</generatorID>
<ownerDesignName>Updated ER Diagram</ownerDesignName>
<use>0</use>
<logicalDatatype>LOGDT019</logicalDatatype>
<domain>84FBC093-DBB3-C54C-ADD5-8B6376B1A16A</domain>
<ownDataTypeParameters>,,</ownDataTypeParameters>
<autoIncrementCycle>false</autoIncrementCycle>
</Column>
<Column name="Transaction_date" id="C370A7CB-A5B3-B85C-A92F-C2051A779893">
<createdBy>Samuel Landman</createdBy>
<createdTime>2021-11-13 19:01:58 UTC</createdTime>
<generatorID>0BCD4CF0-00F5-D2F2-1F83-92963DE019AB</generatorID>
<ownerDesignName>Updated ER Diagram</ownerDesignName>
<useDomainConstraints>false</useDomainConstraints>
<use>1</use>
<logicalDatatype>LOGDT007</logicalDatatype>
<ownDataTypeParameters>,,</ownDataTypeParameters>
<autoIncrementCycle>false</autoIncrementCycle>
</Column>
<Column name="Transaction_time" id="0D3C19FA-88FE-1E90-1A4F-B977AD08C5C6">
<createdBy>Samuel Landman</createdBy>
<createdTime>2021-11-13 19:01:58 UTC</createdTime>
<generatorID>C753947A-DAAB-DCEF-33A2-DCBD93ACDD0E</generatorID>
<ownerDesignName>Updated ER Diagram</ownerDesignName>
<useDomainConstraints>false</useDomainConstraints>
<use>1</use>
<logicalDatatype>LOGDT008</logicalDatatype>
<ownDataTypeParameters>,,</ownDataTypeParameters>
<autoIncrementCycle>false</autoIncrementCycle>
</Column>
<Column name="Payment_Method" id="5C421E95-7745-B043-A661-8598E3D7503B">
<createdBy>Samuel Landman</createdBy>
<createdTime>2021-11-13 19:01:58 UTC</createdTime>
<generatorID>9F59B824-5369-0FBC-F775-B8AB90980ECE</generatorID>
<ownerDesignName>Updated ER Diagram</ownerDesignName>
<use>0</use>
<ownDataTypeParameters>,,</ownDataTypeParameters>
<autoIncrementCycle>false</autoIncrementCycle>
</Column>
<Column name="Booking_Booking_Id" id="C1183F62-66E3-37CD-9FDE-E800A8CCDE04">
<createdBy>Samuel Landman</createdBy>
<createdTime>2021-11-14 06:05:04 UTC</createdTime>
<generatorID>008D42D7-3D2B-DE16-2EFF-5BFE646D1219</generatorID>
<ownerDesignName>Updated ER Diagram</ownerDesignName>
<use>0</use>
<logicalDatatype>LOGDT019</logicalDatatype>
<domain>84FBC093-DBB3-C54C-ADD5-8B6376B1A16A</domain>
<ownDataTypeParameters>,,</ownDataTypeParameters>
<previousColumn>false</previousColumn>
<autoIncrementCycle>false</autoIncrementCycle>
<associations>
<colAssociation fkAssociation="F9A255FF-EEE6-8C0F-FC2C-443738DF2E54" referredColumn="B045B71C-B0EB-BA16-3257-A7F37AA48ED0"/>
</associations>
</Column>
</columns>
<indexes itemClass="oracle.dbtools.crest.model.design.relational.Index">
<ind_PK_UK id="4F6D61B6-3F1E-C278-61FF-DFEC1960FE99" name="Payments_PK">
<createdBy>Samuel Landman</createdBy>
<createdTime>2021-11-13 19:01:58 UTC</createdTime>
<generatorID>39E24138-55DC-D00D-399F-8224650600F6</generatorID>
<ownerDesignName>Updated ER Diagram</ownerDesignName>
<pk>true</pk>
<indexState>Primary Constraint</indexState>
<isSurrogateKey>false</isSurrogateKey>
<indexColumnUsage>
<colUsage columnID="23306EF7-41FA-0B1E-0BD4-84C028EC07A9"/>
</indexColumnUsage>
</ind_PK_UK>
<ind_PK_UK id="18CA39C1-EF08-FF46-5ED7-2B4129F20F3B" name="Payments_Booking_FK">
<createdBy>Samuel Landman</createdBy>
<createdTime>2021-11-14 06:05:04 UTC</createdTime>
<generatorID>F2A25D77-2C91-C286-3FCE-B3F2EEBF458C</generatorID>
<ownerDesignName>Updated ER Diagram</ownerDesignName>
<indexState>Foreign Key</indexState>
<isSurrogateKey>false</isSurrogateKey>
<indexColumnUsage>
<colUsage columnID="C1183F62-66E3-37CD-9FDE-E800A8CCDE04"/>
</indexColumnUsage>
</ind_PK_UK>
</indexes>
</Table>