<?xml version = '1.0' encoding = 'UTF-8'?>
<Table class="oracle.dbtools.crest.model.design.relational.Table" directorySegmentName="seg_0" id="67DDDFA3-6239-BC3E-62FD-46DBB45E5DE3" name="Saloon">
<createdBy>Samuel Landman</createdBy>
<createdTime>2021-11-13 19:01:58 UTC</createdTime>
<generatorID>14BF5D81-7F3C-CE75-63D6-EB24E418BDB3</generatorID>
<ownerDesignName>Updated ER Diagram</ownerDesignName>
<allowColumnReorder>false</allowColumnReorder>
<existDependencyGenerateInDDl>true</existDependencyGenerateInDDl>
<parsed>true</parsed>
<columns itemClass="oracle.dbtools.crest.model.design.relational.Column">
<Column name="Saloon_Id" id="95E23BFA-4C4C-580A-05AD-719ABAD06D18">
<createdBy>Samuel Landman</createdBy>
<createdTime>2021-11-13 19:01:58 UTC</createdTime>
<generatorID>5AB5A647-B8C8-3D64-5F92-B723BFF2158D</generatorID>
<ownerDesignName>Updated ER Diagram</ownerDesignName>
<use>0</use>
<ownDataTypeParameters>,,</ownDataTypeParameters>
<autoIncrementCycle>false</autoIncrementCycle>
</Column>
<Column name="Saloon_name" id="CB75D62D-1D43-E6D3-A08A-6D62668A62D7">
<createdBy>Samuel Landman</createdBy>
<createdTime>2021-11-13 19:01:58 UTC</createdTime>
<generatorID>682DE515-451C-5ACF-C98D-05385E885107</generatorID>
<ownerDesignName>Updated ER Diagram</ownerDesignName>
<use>0</use>
<ownDataTypeParameters>,,</ownDataTypeParameters>
<autoIncrementCycle>false</autoIncrementCycle>
</Column>
<Column name="coordinates" id="F8D94B3C-398D-A0F7-48D8-DDCA0F1A0608">
<createdBy>Samuel Landman</createdBy>
<createdTime>2021-11-14 06:05:04 UTC</createdTime>
<generatorID>28D9460E-A0B3-B167-F06A-99A9DF3FFE19</generatorID>
<ownerDesignName>Updated ER Diagram</ownerDesignName>
<useDomainConstraints>false</useDomainConstraints>
<use>1</use>
<logicalDatatype>LOGDT020</logicalDatatype>
<ownDataTypeParameters>,,</ownDataTypeParameters>
<autoIncrementCycle>false</autoIncrementCycle>
</Column>
<Column name="User_Registration_User_registration_Id" id="E34877BE-70A2-AC4C-3D53-4B481590427A">
<createdBy>Samuel Landman</createdBy>
<createdTime>2021-11-14 06:05:04 UTC</createdTime>
<generatorID>02B70342-068E-8FF5-84BC-138D68313731</generatorID>
<ownerDesignName>Updated ER Diagram</ownerDesignName>
<use>0</use>
<ownDataTypeParameters>,,</ownDataTypeParameters>
<previousColumn>false</previousColumn>
<autoIncrementCycle>false</autoIncrementCycle>
<associations>
<colAssociation fkAssociation="DA0C6C82-7574-C4DB-201A-F0D359D66005" referredColumn="A98A45EF-F350-FBB8-7430-A6B6A1DE4BC4"/>
</associations>
</Column>
<Column name="Address_Address_ID" id="BDB24206-F9AB-F4FE-65F5-1991F32888CD">
<createdBy>Samuel Landman</createdBy>
<createdTime>2021-11-14 06:05:04 UTC</createdTime>
<ownerDesignName>Updated ER Diagram</ownerDesignName>
<useDomainConstraints>false</useDomainConstraints>
<use>1</use>
<logicalDatatype>LOGDT019</logicalDatatype>
<ownDataTypeParameters>,,</ownDataTypeParameters>
<previousColumn>false</previousColumn>
<autoIncrementCycle>false</autoIncrementCycle>
<associations>
<colAssociation fkAssociation="7042A568-644F-8502-7052-6899ED7099FD" referredColumn="0BEE72B8-F513-ABA5-CE65-89B9021297C5"/>
</associations>
</Column>
</columns>
<indexes itemClass="oracle.dbtools.crest.model.design.relational.Index">
<ind_PK_UK id="AE33937D-0AFB-7EB4-1D3A-0FBCAE97D87F" name="Saloon_PK">
<createdBy>Samuel Landman</createdBy>
<createdTime>2021-11-13 19:01:58 UTC</createdTime>
<generatorID>8BFBAE9D-D2FB-E8B0-1DF7-658F7B3DC1FA</generatorID>
<ownerDesignName>Updated ER Diagram</ownerDesignName>
<pk>true</pk>
<indexState>Primary Constraint</indexState>
<isSurrogateKey>false</isSurrogateKey>
<indexColumnUsage>
<colUsage columnID="95E23BFA-4C4C-580A-05AD-719ABAD06D18"/>
</indexColumnUsage>
</ind_PK_UK>
<ind_PK_UK id="103383FC-5065-7044-773C-82EB9883DE6E" name="Saloon_Address_FK">
<createdBy>Samuel Landman</createdBy>
<createdTime>2021-11-14 06:05:04 UTC</createdTime>
<generatorID>C6A5CB51-50BD-A7EB-F207-4CAEB6FBBC44</generatorID>
<ownerDesignName>Updated ER Diagram</ownerDesignName>
<indexState>Foreign Key</indexState>
<isSurrogateKey>false</isSurrogateKey>
<indexColumnUsage>
<colUsage columnID="BDB24206-F9AB-F4FE-65F5-1991F32888CD"/>
</indexColumnUsage>
</ind_PK_UK>
<ind_PK_UK id="4DDC6D69-B694-1EF2-A78F-B2D1A81AAC19" name="Saloon_User_Registration_FK">
<createdBy>Samuel Landman</createdBy>
<createdTime>2021-11-14 06:05:04 UTC</createdTime>
<generatorID>CBAABF21-A746-FD02-1DC4-F6659C6FAA57</generatorID>
<ownerDesignName>Updated ER Diagram</ownerDesignName>
<indexState>Foreign Key</indexState>
<isSurrogateKey>false</isSurrogateKey>
<indexColumnUsage>
<colUsage columnID="E34877BE-70A2-AC4C-3D53-4B481590427A"/>
</indexColumnUsage>
</ind_PK_UK>
</indexes>
</Table>