<?xml version = '1.0' encoding = 'UTF-8'?>
<Table class="oracle.dbtools.crest.model.design.relational.Table" directorySegmentName="seg_0" id="6A9E10F6-9558-64F5-344B-5704AFCB7D13" name="Contacts">
<createdBy>Samuel Landman</createdBy>
<createdTime>2021-11-14 06:50:54 UTC</createdTime>
<generatorID>15CC257E-6246-A56A-663B-1C9EBD097BA3</generatorID>
<ownerDesignName>Updated ER Diagram</ownerDesignName>
<allowColumnReorder>false</allowColumnReorder>
<existDependencyGenerateInDDl>true</existDependencyGenerateInDDl>
<parsed>true</parsed>
<columns itemClass="oracle.dbtools.crest.model.design.relational.Column">
<Column name="Contacts_ID" id="4D08632A-D1DF-507E-52CE-471719369EE3">
<createdBy>Samuel Landman</createdBy>
<createdTime>2021-11-14 06:50:54 UTC</createdTime>
<generatorID>B8876289-FC5D-D3C9-911E-FFE058C0C7D0</generatorID>
<ownerDesignName>Updated ER Diagram</ownerDesignName>
<use>0</use>
<ownDataTypeParameters>,,</ownDataTypeParameters>
<autoIncrementCycle>false</autoIncrementCycle>
</Column>
<Column name="Phone_Number" id="537E67B1-BC4C-E1D8-FC6C-4702F6050D00">
<createdBy>Samuel Landman</createdBy>
<createdTime>2021-11-14 06:50:55 UTC</createdTime>
<generatorID>0C66B17A-2AF0-B83A-7406-3B5AD0D6BA17</generatorID>
<ownerDesignName>Updated ER Diagram</ownerDesignName>
<use>0</use>
<logicalDatatype>LOGDT019</logicalDatatype>
<domain>F78D4994-07FF-70D6-8834-F463F3DEC828</domain>
<ownDataTypeParameters>,,</ownDataTypeParameters>
<autoIncrementCycle>false</autoIncrementCycle>
</Column>
<Column name="Email_address" id="4141EBFE-8697-9F8D-E468-572CD3BA19D1">
<createdBy>Samuel Landman</createdBy>
<createdTime>2021-11-14 06:50:55 UTC</createdTime>
<generatorID>10255273-2742-6EDE-801D-43BBB878B51E</generatorID>
<ownerDesignName>Updated ER Diagram</ownerDesignName>
<use>0</use>
<logicalDatatype>LOGDT024</logicalDatatype>
<domain>40D24BD2-0142-B2F6-3DDA-70FE9BAECBCE</domain>
<ownDataTypeParameters>,,</ownDataTypeParameters>
<autoIncrementCycle>false</autoIncrementCycle>
</Column>
<Column name="User_Registration_User_registration_Id" id="AB3F3E0F-77B3-EF90-2FE2-5373B05472F6">
<createdBy>Samuel Landman</createdBy>
<createdTime>2021-11-14 06:50:55 UTC</createdTime>
<generatorID>CC70A875-A807-AFD5-8551-0D94080B3A5C</generatorID>
<ownerDesignName>Updated ER Diagram</ownerDesignName>
<use>0</use>
<ownDataTypeParameters>,,</ownDataTypeParameters>
<previousColumn>false</previousColumn>
<autoIncrementCycle>false</autoIncrementCycle>
<associations>
<colAssociation fkAssociation="19DB4DA2-85C9-EC4E-E4B3-8DE004A911C1" referredColumn="A98A45EF-F350-FBB8-7430-A6B6A1DE4BC4"/>
</associations>
</Column>
</columns>
<indexes itemClass="oracle.dbtools.crest.model.design.relational.Index">
<ind_PK_UK id="DC79A378-8FE7-F5AF-453E-23FEF8FFFD2D" name="Contacts_PK">
<createdBy>Samuel Landman</createdBy>
<createdTime>2021-11-14 06:50:55 UTC</createdTime>
<generatorID>F046C7F1-9857-BE35-C765-54E2E0EB64F9</generatorID>
<ownerDesignName>Updated ER Diagram</ownerDesignName>
<pk>true</pk>
<indexState>Primary Constraint</indexState>
<isSurrogateKey>false</isSurrogateKey>
<indexColumnUsage>
<colUsage columnID="4D08632A-D1DF-507E-52CE-471719369EE3"/>
</indexColumnUsage>
</ind_PK_UK>
<ind_PK_UK id="D724D40D-642F-A5DD-603F-6B3DE7957ADD" name="Contacts_User_Registration_FK">
<createdBy>Samuel Landman</createdBy>
<createdTime>2021-11-14 06:50:55 UTC</createdTime>
<generatorID>0A13C9BF-CC2F-F708-DE5A-4C2B06DF254F</generatorID>
<ownerDesignName>Updated ER Diagram</ownerDesignName>
<indexState>Foreign Key</indexState>
<isSurrogateKey>false</isSurrogateKey>
<indexColumnUsage>
<colUsage columnID="AB3F3E0F-77B3-EF90-2FE2-5373B05472F6"/>
</indexColumnUsage>
</ind_PK_UK>
</indexes>
</Table>