<?xml version = '1.0' encoding = 'UTF-8'?>
<Table class="oracle.dbtools.crest.model.design.relational.Table" directorySegmentName="seg_0" id="82DC2265-4C0F-CDCC-50EF-A24FD63BA313" name="Services">
<createdBy>Samuel Landman</createdBy>
<createdTime>2021-11-13 19:01:58 UTC</createdTime>
<generatorID>BDF32D4F-2403-D080-6045-F0278A1CE5CC</generatorID>
<ownerDesignName>Updated ER Diagram</ownerDesignName>
<allowColumnReorder>false</allowColumnReorder>
<existDependencyGenerateInDDl>true</existDependencyGenerateInDDl>
<parsed>true</parsed>
<columns itemClass="oracle.dbtools.crest.model.design.relational.Column">
<Column name="Service_Id" id="272D2877-1C9C-C5CD-B8B1-CFE915E81B1B">
<createdBy>Samuel Landman</createdBy>
<createdTime>2021-11-13 19:01:58 UTC</createdTime>
<generatorID>24A9A5DD-5BC4-4A7C-56B2-CD200F15E9AF</generatorID>
<ownerDesignName>Updated ER Diagram</ownerDesignName>
<use>0</use>
<logicalDatatype>A3A3C77D-0366-9768-FF89-1C25E56881C8</logicalDatatype>
<domain>6499C6FC-6127-F57D-3239-9E775D797BF7</domain>
<ownDataTypeParameters>,,</ownDataTypeParameters>
<autoIncrementCycle>false</autoIncrementCycle>
</Column>
<Column name="Service_price" id="412E9FC4-B5DD-A07A-A79D-B211CDC764A5">
<createdBy>Samuel Landman</createdBy>
<createdTime>2021-11-13 19:01:58 UTC</createdTime>
<generatorID>132ECBAD-BC21-6081-C924-4DF5C4D49860</generatorID>
<ownerDesignName>Updated ER Diagram</ownerDesignName>
<use>0</use>
<ownDataTypeParameters>,,</ownDataTypeParameters>
<autoIncrementCycle>false</autoIncrementCycle>
</Column>
<Column name="Service_name" id="8477B020-D7F2-42AF-A068-C9B45984933D">
<createdBy>Samuel Landman</createdBy>
<createdTime>2021-11-13 21:20:27 UTC</createdTime>
<generatorID>FB9686CC-8A35-4D0E-9BE2-D42247ED8D30</generatorID>
<ownerDesignName>Updated ER Diagram</ownerDesignName>
<use>0</use>
<ownDataTypeParameters>,,</ownDataTypeParameters>
<autoIncrementCycle>false</autoIncrementCycle>
</Column>
<Column name="Service_description" id="A2378F21-0666-6B45-A298-BF83D132346D">
<createdBy>Samuel Landman</createdBy>
<createdTime>2021-11-13 21:20:27 UTC</createdTime>
<generatorID>8260ABF1-8B07-BC83-2A45-B347740EB238</generatorID>
<ownerDesignName>Updated ER Diagram</ownerDesignName>
<use>0</use>
<ownDataTypeParameters>,,</ownDataTypeParameters>
<autoIncrementCycle>false</autoIncrementCycle>
</Column>
<Column name="Saloon_Saloon_Id" id="5359CEC1-6B17-A492-E53D-7F6914DA9F9F">
<createdBy>Samuel Landman</createdBy>
<createdTime>2021-11-14 06:05:04 UTC</createdTime>
<generatorID>ECA03B4C-A9B4-79FA-341E-2010A5C286D8</generatorID>
<ownerDesignName>Updated ER Diagram</ownerDesignName>
<use>0</use>
<ownDataTypeParameters>,,</ownDataTypeParameters>
<previousColumn>false</previousColumn>
<autoIncrementCycle>false</autoIncrementCycle>
<associations>
<colAssociation fkAssociation="E32B7E03-A142-A0EE-14C4-FC2077CBC15B" referredColumn="95E23BFA-4C4C-580A-05AD-719ABAD06D18"/>
</associations>
</Column>
</columns>
<indexes itemClass="oracle.dbtools.crest.model.design.relational.Index">
<ind_PK_UK id="6F6C4100-548F-1144-224D-842AF9158A95" name="Services_PK">
<createdBy>Samuel Landman</createdBy>
<createdTime>2021-11-13 19:01:58 UTC</createdTime>
<generatorID>3C3E40C3-B775-AD5D-8AF5-B7779EF70512</generatorID>
<ownerDesignName>Updated ER Diagram</ownerDesignName>
<pk>true</pk>
<indexState>Primary Constraint</indexState>
<isSurrogateKey>false</isSurrogateKey>
<indexColumnUsage>
<colUsage columnID="272D2877-1C9C-C5CD-B8B1-CFE915E81B1B"/>
</indexColumnUsage>
</ind_PK_UK>
<ind_PK_UK id="F9B14E3F-E12A-1EF6-7AF7-973453602A38" name="Services_Saloon_FK">
<createdBy>Samuel Landman</createdBy>
<createdTime>2021-11-14 06:05:04 UTC</createdTime>
<generatorID>A960994F-6B83-5CCB-F8FD-09369EF8BE67</generatorID>
<ownerDesignName>Updated ER Diagram</ownerDesignName>
<indexState>Foreign Key</indexState>
<isSurrogateKey>false</isSurrogateKey>
<indexColumnUsage>
<colUsage columnID="5359CEC1-6B17-A492-E53D-7F6914DA9F9F"/>
</indexColumnUsage>
</ind_PK_UK>
</indexes>
</Table>