<?xml version = '1.0' encoding = 'UTF-8'?>
<Table class="oracle.dbtools.crest.model.design.relational.Table" directorySegmentName="seg_0" id="B463F04F-6239-7BC7-3FBE-4584CEF701CE" name="Booking">
<createdBy>Samuel Landman</createdBy>
<createdTime>2021-11-13 19:01:58 UTC</createdTime>
<generatorID>4DDD6F3E-0F54-B0BB-0BD0-EC3A79337F25</generatorID>
<ownerDesignName>Updated ER Diagram</ownerDesignName>
<allowColumnReorder>false</allowColumnReorder>
<existDependencyGenerateInDDl>true</existDependencyGenerateInDDl>
<parsed>true</parsed>
<columns itemClass="oracle.dbtools.crest.model.design.relational.Column">
<Column name="Booking_Id" id="B045B71C-B0EB-BA16-3257-A7F37AA48ED0">
<createdBy>Samuel Landman</createdBy>
<createdTime>2021-11-13 19:01:58 UTC</createdTime>
<generatorID>36FF4BBE-37B9-7E83-413F-E207F372DECD</generatorID>
<ownerDesignName>Updated ER Diagram</ownerDesignName>
<use>0</use>
<logicalDatatype>LOGDT019</logicalDatatype>
<domain>84FBC093-DBB3-C54C-ADD5-8B6376B1A16A</domain>
<ownDataTypeParameters>,,</ownDataTypeParameters>
<autoIncrementCycle>false</autoIncrementCycle>
</Column>
<Column name="Booking_day" id="F7CA834E-99EC-99AD-9408-B284AAA6493C">
<createdBy>Samuel Landman</createdBy>
<createdTime>2021-11-13 19:01:58 UTC</createdTime>
<generatorID>BE23433A-4574-6065-05D7-2E8290E14774</generatorID>
<ownerDesignName>Updated ER Diagram</ownerDesignName>
<useDomainConstraints>false</useDomainConstraints>
<use>1</use>
<logicalDatatype>LOGDT007</logicalDatatype>
<ownDataTypeParameters>,,</ownDataTypeParameters>
<autoIncrementCycle>false</autoIncrementCycle>
</Column>
<Column name="Booking_time" id="FA31CCDD-2B33-3AF2-18BF-C5EFCDA4E977">
<createdBy>Samuel Landman</createdBy>
<createdTime>2021-11-13 19:01:58 UTC</createdTime>
<generatorID>75D86105-7093-7024-E9EF-65E8121C56C8</generatorID>
<ownerDesignName>Updated ER Diagram</ownerDesignName>
<useDomainConstraints>false</useDomainConstraints>
<use>1</use>
<logicalDatatype>LOGDT008</logicalDatatype>
<ownDataTypeParameters>,,</ownDataTypeParameters>
<autoIncrementCycle>false</autoIncrementCycle>
</Column>
<Column name="Services_Service_Id" id="1B1D78B9-0355-317D-C886-C6C8E49F1634">
<createdBy>Samuel Landman</createdBy>
<createdTime>2021-11-14 06:05:04 UTC</createdTime>
<generatorID>379B8E51-97ED-F8FA-A276-71E78E566DA7</generatorID>
<ownerDesignName>Updated ER Diagram</ownerDesignName>
<use>0</use>
<logicalDatatype>A3A3C77D-0366-9768-FF89-1C25E56881C8</logicalDatatype>
<domain>6499C6FC-6127-F57D-3239-9E775D797BF7</domain>
<ownDataTypeParameters>,,</ownDataTypeParameters>
<previousColumn>false</previousColumn>
<autoIncrementCycle>false</autoIncrementCycle>
<associations>
<colAssociation fkAssociation="7D89C494-EDDA-7893-BD44-A971A74E1904" referredColumn="272D2877-1C9C-C5CD-B8B1-CFE915E81B1B"/>
</associations>
</Column>
</columns>
<indexes itemClass="oracle.dbtools.crest.model.design.relational.Index">
<ind_PK_UK id="EC62604A-E5B5-3A1E-2AFF-E0F4D01C74D7" name="Booking_PK">
<createdBy>Samuel Landman</createdBy>
<createdTime>2021-11-13 19:01:58 UTC</createdTime>
<generatorID>B5336569-F5EC-D713-FD90-B33BE929464C</generatorID>
<ownerDesignName>Updated ER Diagram</ownerDesignName>
<pk>true</pk>
<indexState>Primary Constraint</indexState>
<isSurrogateKey>false</isSurrogateKey>
<indexColumnUsage>
<colUsage columnID="B045B71C-B0EB-BA16-3257-A7F37AA48ED0"/>
</indexColumnUsage>
</ind_PK_UK>
<ind_PK_UK id="33F90052-ED42-0124-94E1-57C3E7E5FC02" name="Booking_Services_FK">
<createdBy>Samuel Landman</createdBy>
<createdTime>2021-11-14 06:05:04 UTC</createdTime>
<generatorID>4A5D6807-9177-1ABA-751C-B3CEA0DE9C39</generatorID>
<ownerDesignName>Updated ER Diagram</ownerDesignName>
<indexState>Foreign Key</indexState>
<isSurrogateKey>false</isSurrogateKey>
<indexColumnUsage>
<colUsage columnID="1B1D78B9-0355-317D-C886-C6C8E49F1634"/>
</indexColumnUsage>
</ind_PK_UK>
</indexes>
</Table>