<?xml version = '1.0' encoding = 'UTF-8'?>
<Table class="oracle.dbtools.crest.model.design.relational.Table" directorySegmentName="seg_0" id="BF7F1D68-E9A5-0D31-3537-3888EF6DC46F" name="favourites">
<createdBy>Samuel Landman</createdBy>
<createdTime>2021-11-13 21:20:27 UTC</createdTime>
<generatorID>6B42DFE2-C51E-8FA0-5EE1-C1C0FE886A03</generatorID>
<ownerDesignName>Updated ER Diagram</ownerDesignName>
<allowColumnReorder>false</allowColumnReorder>
<existDependencyGenerateInDDl>true</existDependencyGenerateInDDl>
<parsed>true</parsed>
<columns itemClass="oracle.dbtools.crest.model.design.relational.Column">
<Column name="favourite_haisrtyle_id" id="52DCC289-E359-D965-C013-98E871565E2E">
<createdBy>Samuel Landman</createdBy>
<createdTime>2021-11-13 21:20:27 UTC</createdTime>
<generatorID>39F9FD19-0ADD-8B2C-D562-3BB887279DA2</generatorID>
<ownerDesignName>Updated ER Diagram</ownerDesignName>
<use>0</use>
<ownDataTypeParameters>,,</ownDataTypeParameters>
<autoIncrementCycle>false</autoIncrementCycle>
</Column>
<Column name="favourite_name" id="2D99C586-ED61-2AC3-BBCA-23D53E24D412">
<createdBy>Samuel Landman</createdBy>
<createdTime>2021-11-13 21:20:27 UTC</createdTime>
<generatorID>BA4D8DF4-3DAC-0252-47D3-BAC6D60B1601</generatorID>
<ownerDesignName>Updated ER Diagram</ownerDesignName>
<nullsAllowed>true</nullsAllowed>
<use>0</use>
<ownDataTypeParameters>,,</ownDataTypeParameters>
<autoIncrementCycle>false</autoIncrementCycle>
</Column>
<Column name="Client_Client_Id" id="A648442F-F2CB-0784-A572-79D3EC3421A0">
<createdBy>Samuel Landman</createdBy>
<createdTime>2021-11-14 06:05:04 UTC</createdTime>
<generatorID>DC132757-0B18-0E01-E7AB-47C76CAB19C0</generatorID>
<ownerDesignName>Updated ER Diagram</ownerDesignName>
<use>0</use>
<logicalDatatype>LOGDT024</logicalDatatype>
<domain>25B315E2-2263-D67A-D76A-04A751CB5086</domain>
<ownDataTypeParameters>,,</ownDataTypeParameters>
<previousColumn>false</previousColumn>
<autoIncrementCycle>false</autoIncrementCycle>
<associations>
<colAssociation fkAssociation="2569E38F-3E3D-4717-B818-199D76C51356" referredColumn="A5758E54-F27F-4E46-C168-3624E7EA8B7A"/>
</associations>
</Column>
<Column name="Saloon_Saloon_Id" id="0F00FAE0-BF15-A666-908A-EC660E62DA83">
<createdBy>Samuel Landman</createdBy>
<createdTime>2021-11-14 06:05:04 UTC</createdTime>
<generatorID>83FAF442-FB82-31FD-8FB5-9DE72A7D9C6B</generatorID>
<ownerDesignName>Updated ER Diagram</ownerDesignName>
<use>0</use>
<ownDataTypeParameters>,,</ownDataTypeParameters>
<previousColumn>false</previousColumn>
<autoIncrementCycle>false</autoIncrementCycle>
<associations>
<colAssociation fkAssociation="7772D199-9669-2BE0-CDC2-89A8FA984993" referredColumn="95E23BFA-4C4C-580A-05AD-719ABAD06D18"/>
</associations>
</Column>
</columns>
<indexes itemClass="oracle.dbtools.crest.model.design.relational.Index">
<ind_PK_UK id="6BE24D0A-E34F-1EBE-6C51-CD265778840F" name="favourites_PK">
<createdBy>Samuel Landman</createdBy>
<createdTime>2021-11-13 21:20:27 UTC</createdTime>
<generatorID>A75D5466-0763-AB29-7A80-EC7C649637EA</generatorID>
<ownerDesignName>Updated ER Diagram</ownerDesignName>
<pk>true</pk>
<indexState>Primary Constraint</indexState>
<isSurrogateKey>false</isSurrogateKey>
<indexColumnUsage>
<colUsage columnID="52DCC289-E359-D965-C013-98E871565E2E"/>
</indexColumnUsage>
</ind_PK_UK>
<ind_PK_UK id="7B653600-E6C8-E4D7-A0DE-5265167E0DAC" name="favourites_Client_FK">
<createdBy>Samuel Landman</createdBy>
<createdTime>2021-11-14 06:05:04 UTC</createdTime>
<generatorID>FD0F731B-FC1D-8148-0249-D1CBA8BD46E8</generatorID>
<ownerDesignName>Updated ER Diagram</ownerDesignName>
<indexState>Foreign Key</indexState>
<isSurrogateKey>false</isSurrogateKey>
<indexColumnUsage>
<colUsage columnID="A648442F-F2CB-0784-A572-79D3EC3421A0"/>
</indexColumnUsage>
</ind_PK_UK>
<ind_PK_UK id="7041A244-65AE-943E-EEF4-039CC451BF95" name="favourites_Saloon_FK">
<createdBy>Samuel Landman</createdBy>
<createdTime>2021-11-14 06:05:04 UTC</createdTime>
<generatorID>4B561512-1986-B8F0-268B-7D4C9766B21B</generatorID>
<ownerDesignName>Updated ER Diagram</ownerDesignName>
<indexState>Foreign Key</indexState>
<isSurrogateKey>false</isSurrogateKey>
<indexColumnUsage>
<colUsage columnID="0F00FAE0-BF15-A666-908A-EC660E62DA83"/>
</indexColumnUsage>
</ind_PK_UK>
</indexes>
</Table>