<?xml version = '1.0' encoding = 'UTF-8'?>
<Table class="oracle.dbtools.crest.model.design.relational.Table" directorySegmentName="seg_0" id="C1F6C309-7E86-5B02-3371-948D822D61C4" name="Client">
<createdBy>Samuel Landman</createdBy>
<createdTime>2021-11-13 19:01:58 UTC</createdTime>
<generatorID>C920A3B4-C624-997A-50C5-1A4AE715D32E</generatorID>
<ownerDesignName>Updated ER Diagram</ownerDesignName>
<allowColumnReorder>false</allowColumnReorder>
<existDependencyGenerateInDDl>true</existDependencyGenerateInDDl>
<parsed>true</parsed>
<columns itemClass="oracle.dbtools.crest.model.design.relational.Column">
<Column name="Client_Id" id="A5758E54-F27F-4E46-C168-3624E7EA8B7A">
<createdBy>Samuel Landman</createdBy>
<createdTime>2021-11-13 19:01:58 UTC</createdTime>
<generatorID>74C9650D-CFEB-9275-CF37-BB0E3CCDFA5C</generatorID>
<ownerDesignName>Updated ER Diagram</ownerDesignName>
<use>0</use>
<logicalDatatype>LOGDT024</logicalDatatype>
<domain>25B315E2-2263-D67A-D76A-04A751CB5086</domain>
<ownDataTypeParameters>,,</ownDataTypeParameters>
<autoIncrementCycle>false</autoIncrementCycle>
</Column>
<Column name="Client_current_location" id="DC225E43-B006-C568-C58A-37F31C70263E">
<createdBy>Samuel Landman</createdBy>
<createdTime>2021-11-13 19:01:58 UTC</createdTime>
<generatorID>8A29A002-A4AB-3B1D-9AB6-4C7DF9A44904</generatorID>
<ownerDesignName>Updated ER Diagram</ownerDesignName>
<use>0</use>
<ownDataTypeParameters>,,</ownDataTypeParameters>
<autoIncrementCycle>false</autoIncrementCycle>
</Column>
<Column name="User_registration_Id" id="1078D1E0-441F-8BBE-5254-A52382F51150">
<createdBy>Samuel Landman</createdBy>
<createdTime>2021-11-13 21:20:27 UTC</createdTime>
<generatorID>A85255AA-16C2-C497-5B35-833DDA501038</generatorID>
<ownerDesignName>Updated ER Diagram</ownerDesignName>
<use>0</use>
<ownDataTypeParameters>,,</ownDataTypeParameters>
<autoIncrementCycle>false</autoIncrementCycle>
<associations>
<colAssociation fkAssociation="81AA4AF9-999A-C261-4AAD-D7EA19C54B72" referredColumn="A98A45EF-F350-FBB8-7430-A6B6A1DE4BC4"/>
</associations>
</Column>
</columns>
<indexes itemClass="oracle.dbtools.crest.model.design.relational.Index">
<ind_PK_UK id="59BD1DAE-EDF9-4F5A-039D-196379F4AB1C" name="Client_PKv1">
<createdBy>Samuel Landman</createdBy>
<createdTime>2021-11-13 21:20:27 UTC</createdTime>
<generatorID>F80069DD-F414-7173-B15E-D42181FC187B</generatorID>
<ownerDesignName>Updated ER Diagram</ownerDesignName>
<pk>true</pk>
<indexState>Primary Constraint</indexState>
<isSurrogateKey>false</isSurrogateKey>
<indexColumnUsage>
<colUsage columnID="1078D1E0-441F-8BBE-5254-A52382F51150"/>
</indexColumnUsage>
</ind_PK_UK>
<ind_PK_UK id="EE6447E1-6548-76B4-C440-3D2AB082ED01" name="Client_PK">
<createdBy>Samuel Landman</createdBy>
<createdTime>2021-11-13 19:01:58 UTC</createdTime>
<generatorID>D6C0B587-4F7A-034E-5DF7-3544D06C3E5B</generatorID>
<ownerDesignName>Updated ER Diagram</ownerDesignName>
<indexState>Unique Constraint</indexState>
<isSurrogateKey>false</isSurrogateKey>
<indexColumnUsage>
<colUsage columnID="A5758E54-F27F-4E46-C168-3624E7EA8B7A"/>
</indexColumnUsage>
</ind_PK_UK>
<ind_PK_UK id="64B7677C-CDEC-815D-C1B1-EBB8D1A05DD6" name="Client_User_Registration_FK">
<createdBy>Samuel Landman</createdBy>
<createdTime>2021-11-13 21:20:27 UTC</createdTime>
<generatorID>25E1EE87-739E-509A-8C15-06DF607552A3</generatorID>
<ownerDesignName>Updated ER Diagram</ownerDesignName>
<indexState>Foreign Key</indexState>
<isSurrogateKey>false</isSurrogateKey>
<indexColumnUsage>
<colUsage columnID="1078D1E0-441F-8BBE-5254-A52382F51150"/>
</indexColumnUsage>
</ind_PK_UK>
</indexes>
</Table>