<?xml version = '1.0' encoding = 'UTF-8'?>
<Table class="oracle.dbtools.crest.model.design.relational.Table" directorySegmentName="seg_0" id="C300B96A-8A03-8C19-3CAD-62B4F25B3084" name="Promo_Reedemed">
<createdBy>Samuel Landman</createdBy>
<createdTime>2021-11-13 21:20:27 UTC</createdTime>
<generatorID>A9BD7B9C-F7ED-6C09-EB63-AC3013EF85F1</generatorID>
<ownerDesignName>Updated ER Diagram</ownerDesignName>
<allowColumnReorder>false</allowColumnReorder>
<existDependencyGenerateInDDl>true</existDependencyGenerateInDDl>
<parsed>true</parsed>
<columns itemClass="oracle.dbtools.crest.model.design.relational.Column">
<Column name="Promotions_Promotion_Id" id="3892C00A-AE92-26AB-9A29-019D3FDF9D62">
<createdBy>Samuel Landman</createdBy>
<createdTime>2021-11-13 21:20:27 UTC</createdTime>
<generatorID>DD357374-113D-9028-2B53-DA8C78F36C3C</generatorID>
<ownerDesignName>Updated ER Diagram</ownerDesignName>
<use>0</use>
<logicalDatatype>LOGDT019</logicalDatatype>
<domain>84FBC093-DBB3-C54C-ADD5-8B6376B1A16A</domain>
<ownDataTypeParameters>,,</ownDataTypeParameters>
<previousColumn>false</previousColumn>
<autoIncrementCycle>false</autoIncrementCycle>
<associations>
<colAssociation fkAssociation="0B1A5670-3784-DF6E-E416-A32099E72702" referredColumn="900CFC5E-F329-BD01-BBB4-324EA2A35EC0"/>
</associations>
</Column>
<Column name="Client_Client_Id" id="E31ED02E-D520-0155-82AA-321EFA04460E">
<createdBy>Samuel Landman</createdBy>
<createdTime>2021-11-14 06:05:04 UTC</createdTime>
<generatorID>571CAADA-87E3-F7A2-08B1-CA8307964F51</generatorID>
<ownerDesignName>Updated ER Diagram</ownerDesignName>
<use>0</use>
<logicalDatatype>LOGDT024</logicalDatatype>
<domain>25B315E2-2263-D67A-D76A-04A751CB5086</domain>
<ownDataTypeParameters>,,</ownDataTypeParameters>
<previousColumn>false</previousColumn>
<autoIncrementCycle>false</autoIncrementCycle>
<associations>
<colAssociation fkAssociation="EA23BE5C-775C-8ACF-393D-8B0F6918E8CB" referredColumn="A5758E54-F27F-4E46-C168-3624E7EA8B7A"/>
</associations>
</Column>
<Column name="Promo_redeemed" id="8A7988B0-B3EA-0AAF-3C51-8EF2604CA35C">
<createdBy>Samuel Landman</createdBy>
<createdTime>2021-11-14 06:05:04 UTC</createdTime>
<generatorID>8F0E0070-7901-906F-9338-D7ECFFA3EFA1</generatorID>
<ownerDesignName>Updated ER Diagram</ownerDesignName>
<useDomainConstraints>false</useDomainConstraints>
<use>1</use>
<logicalDatatype>LOGDT006</logicalDatatype>
<dataTypeSize>1</dataTypeSize>
<ownDataTypeParameters>1,,</ownDataTypeParameters>
<autoIncrementCycle>false</autoIncrementCycle>
</Column>
</columns>
<indexes itemClass="oracle.dbtools.crest.model.design.relational.Index">
<ind_PK_UK id="14F0FE8F-36A5-62BA-9C83-26E2C08D4470" name="Promo_Reedemed_Promotions_FK">
<createdBy>Samuel Landman</createdBy>
<createdTime>2021-11-13 21:20:28 UTC</createdTime>
<generatorID>CF7C0629-7B23-1089-E0DA-0599E42BFCAF</generatorID>
<ownerDesignName>Updated ER Diagram</ownerDesignName>
<indexState>Foreign Key</indexState>
<isSurrogateKey>false</isSurrogateKey>
<indexColumnUsage>
<colUsage columnID="3892C00A-AE92-26AB-9A29-019D3FDF9D62"/>
</indexColumnUsage>
</ind_PK_UK>
<ind_PK_UK id="B9E52839-4D91-325F-1A5D-E3AD5AB49D86" name="Promo_Reedemed_Client_FK">
<createdBy>Samuel Landman</createdBy>
<createdTime>2021-11-14 06:05:04 UTC</createdTime>
<generatorID>275FEE32-B760-B9DD-D934-315EE3A3C77D</generatorID>
<ownerDesignName>Updated ER Diagram</ownerDesignName>
<indexState>Foreign Key</indexState>
<isSurrogateKey>false</isSurrogateKey>
<indexColumnUsage>
<colUsage columnID="E31ED02E-D520-0155-82AA-321EFA04460E"/>
</indexColumnUsage>
</ind_PK_UK>
</indexes>
</Table>