<?xml version = '1.0' encoding = 'UTF-8'?>
<Table class="oracle.dbtools.crest.model.design.relational.Table" directorySegmentName="seg_0" id="F53D58F8-17CE-9242-B4C5-1E8EBD31C8F9" name="Reviews">
<createdBy>Samuel Landman</createdBy>
<createdTime>2021-11-13 19:01:58 UTC</createdTime>
<generatorID>DDFD7A68-1274-7586-E80E-46260692E512</generatorID>
<ownerDesignName>Updated ER Diagram</ownerDesignName>
<allowColumnReorder>false</allowColumnReorder>
<existDependencyGenerateInDDl>true</existDependencyGenerateInDDl>
<parsed>true</parsed>
<columns itemClass="oracle.dbtools.crest.model.design.relational.Column">
<Column name="Review_Id" id="7017CB6C-9AA7-76AB-82B6-F0A0612DDB4C">
<createdBy>Samuel Landman</createdBy>
<createdTime>2021-11-13 19:01:58 UTC</createdTime>
<generatorID>40F167F5-1F79-4C03-DDFF-31187916513D</generatorID>
<ownerDesignName>Updated ER Diagram</ownerDesignName>
<use>0</use>
<logicalDatatype>LOGDT019</logicalDatatype>
<domain>84FBC093-DBB3-C54C-ADD5-8B6376B1A16A</domain>
<ownDataTypeParameters>,,</ownDataTypeParameters>
<autoIncrementCycle>false</autoIncrementCycle>
</Column>
<Column name="Review_info" id="694E437F-CB86-C040-88FA-350383B24330">
<createdBy>Samuel Landman</createdBy>
<createdTime>2021-11-13 19:01:58 UTC</createdTime>
<generatorID>4E32FD24-2804-CC06-D472-6ABAC923B812</generatorID>
<ownerDesignName>Updated ER Diagram</ownerDesignName>
<nullsAllowed>true</nullsAllowed>
<use>0</use>
<ownDataTypeParameters>,,</ownDataTypeParameters>
<autoIncrementCycle>false</autoIncrementCycle>
</Column>
<Column name="Payments_Transaction_Id" id="62A31237-3E78-2E45-6ED9-30D1ABB5D09A">
<createdBy>Samuel Landman</createdBy>
<createdTime>2021-11-14 06:05:04 UTC</createdTime>
<generatorID>853D9C17-2861-795E-B411-2CC893402B69</generatorID>
<ownerDesignName>Updated ER Diagram</ownerDesignName>
<use>0</use>
<logicalDatatype>LOGDT019</logicalDatatype>
<domain>84FBC093-DBB3-C54C-ADD5-8B6376B1A16A</domain>
<ownDataTypeParameters>,,</ownDataTypeParameters>
<previousColumn>false</previousColumn>
<autoIncrementCycle>false</autoIncrementCycle>
<associations>
<colAssociation fkAssociation="57A8C506-4F69-04A8-19A7-79ABED2270F8" referredColumn="23306EF7-41FA-0B1E-0BD4-84C028EC07A9"/>
</associations>
</Column>
</columns>
<indexes itemClass="oracle.dbtools.crest.model.design.relational.Index">
<ind_PK_UK id="08343616-E0AF-EC5B-376E-371C96523C0B" name="Reviews_PK">
<createdBy>Samuel Landman</createdBy>
<createdTime>2021-11-13 19:01:58 UTC</createdTime>
<generatorID>F91BB8CA-7E30-2F76-AD31-3B65434FEBDD</generatorID>
<ownerDesignName>Updated ER Diagram</ownerDesignName>
<pk>true</pk>
<indexState>Primary Constraint</indexState>
<isSurrogateKey>false</isSurrogateKey>
<indexColumnUsage>
<colUsage columnID="7017CB6C-9AA7-76AB-82B6-F0A0612DDB4C"/>
</indexColumnUsage>
</ind_PK_UK>
<ind_PK_UK id="6EAE6AE8-2A3E-16BA-23AD-E1BFBCC10802" name="Reviews_Payments_FK">
<createdBy>Samuel Landman</createdBy>
<createdTime>2021-11-14 06:05:04 UTC</createdTime>
<generatorID>1FA1AF0A-61EE-39F1-954C-E939ED4C9E7D</generatorID>
<ownerDesignName>Updated ER Diagram</ownerDesignName>
<indexState>Foreign Key</indexState>
<isSurrogateKey>false</isSurrogateKey>
<indexColumnUsage>
<colUsage columnID="62A31237-3E78-2E45-6ED9-30D1ABB5D09A"/>
</indexColumnUsage>
</ind_PK_UK>
</indexes>
</Table>