<?xml version = '1.0' encoding = 'UTF-8'?>
<relationalModel class="oracle.dbtools.crest.model.design.relational.RelationalDesign" name="Relational_1" id="5701BE9D-90C9-9C5C-14B4-7E9FE8233AA8" mainViewID="79A77007-4C50-570C-4E0D-B420892FF57A">
<createdBy>Samuel Landman</createdBy>
<createdTime>2021-10-27 06:53:50 UTC</createdTime>
<ownerDesignName>Saloon ERD</ownerDesignName>
<shouldBeOpen>true</shouldBeOpen>
<selectedRDBMSSite>32076570-2523-435C-2E92-BF29817DFF70</selectedRDBMSSite>
</relationalModel>