<?xml version = '1.0' encoding = 'UTF-8'?>
<Diagram class="oracle.dbtools.crest.swingui.logical.DPVLogical" name="Logical" id="F0D37252-90F6-BA3D-FE24-6476BE173E45">
<createdBy>Samuel Landman</createdBy>
<modifiedBy>Samuel Landman</modifiedBy>
<createdTime>2021-10-27 06:58:23 UTC</createdTime>
<autoRoute>false</autoRoute>
<boxInbox>true</boxInbox>
<showLegend>false</showLegend>
<showLabels>false</showLabels>
<showRelAttributes>false</showRelAttributes>
<gridEnabled>false</gridEnabled>
<showGrid>false</showGrid>
<diagramColor>-1</diagramColor>
<display>false</display>
<notation>1</notation>
<objectViews>
<OView class="oracle.dbtools.crest.swingui.logical.TVEntity" oid="14BF5D81-7F3C-CE75-63D6-EB24E418BDB3" otype="Entity" vid="45F540B3-32FC-F462-2FCC-831B42127B3F">
<hideElementsInCurrentOnly>false</hideElementsInCurrentOnly>
<bounds x="303" y="358" width="200" height="125"/>
</OView>
<OView class="oracle.dbtools.crest.swingui.logical.TVEntity" oid="15CC257E-6246-A56A-663B-1C9EBD097BA3" otype="Entity" vid="78E6A9C4-B69A-2200-7858-679222BA7625">
<hideElementsInCurrentOnly>false</hideElementsInCurrentOnly>
<bounds x="402" y="24" width="132" height="121"/>
</OView>
<OView class="oracle.dbtools.crest.swingui.logical.TVEntity" oid="4DDD6F3E-0F54-B0BB-0BD0-EC3A79337F25" otype="Entity" vid="D0FDCA73-BD74-9A0F-2793-7CAAB8714AD4">
<hideElementsInCurrentOnly>false</hideElementsInCurrentOnly>
<bounds x="673" y="605" width="270" height="107"/>
</OView>
<OView class="oracle.dbtools.crest.swingui.logical.TVEntity" oid="6B42DFE2-C51E-8FA0-5EE1-C1C0FE886A03" otype="Entity" vid="C1D612DB-EADF-7FF0-40CB-2FBB10CDEABE">
<hideElementsInCurrentOnly>false</hideElementsInCurrentOnly>
<bounds x="61" y="380" width="153" height="136"/>
</OView>
<OView class="oracle.dbtools.crest.swingui.logical.TVEntity" oid="7F40FFDF-ADE8-A77C-B4B4-BD04E04AB143" otype="Entity" vid="0E58566E-B352-2364-9281-FA9E9558EC47">
<hideElementsInCurrentOnly>false</hideElementsInCurrentOnly>
<bounds x="587" y="4" width="147" height="112"/>
</OView>
<OView class="oracle.dbtools.crest.swingui.logical.TVEntity" oid="8CFBD75E-6DB2-40CB-841A-185C7ADB8B44" otype="Entity" vid="0A62D671-D801-3EEC-F5C3-2A91ED8748F7">
<hideElementsInCurrentOnly>false</hideElementsInCurrentOnly>
<bounds x="53" y="24" width="280" height="194"/>
</OView>
<OView class="oracle.dbtools.crest.swingui.logical.TVEntity" oid="A9BD7B9C-F7ED-6C09-EB63-AC3013EF85F1" otype="Entity" vid="5E2C860E-B022-AAA0-F20E-523D012F8B77">
<hideElementsInCurrentOnly>false</hideElementsInCurrentOnly>
<bounds x="872" y="46" width="144" height="133"/>
</OView>
<OView class="oracle.dbtools.crest.swingui.logical.TVEntity" oid="AC6E2D3E-B840-EE78-F957-0040096871FD" otype="Entity" vid="74E7771F-46AF-743B-2CD3-AEAA0E66EE15">
<hideElementsInCurrentOnly>false</hideElementsInCurrentOnly>
<bounds x="871" y="389" width="223" height="99"/>
</OView>
<OView class="oracle.dbtools.crest.swingui.logical.TVEntity" oid="BDF32D4F-2403-D080-6045-F0278A1CE5CC" otype="Entity" vid="9A94DC93-2A74-2BAC-E4A3-63ECD717AF57">
<hideElementsInCurrentOnly>false</hideElementsInCurrentOnly>
<bounds x="583" y="196" width="215" height="217"/>
</OView>
<OView class="oracle.dbtools.crest.swingui.logical.TVEntity" oid="BE60BFDA-BCA5-C76E-7C06-12D9591454BC" otype="Entity" vid="5E15AA30-211D-0AB2-FDFD-ACCB4BF45011">
<hideElementsInCurrentOnly>false</hideElementsInCurrentOnly>
<bounds x="227" y="571" width="172" height="120"/>
</OView>
<OView class="oracle.dbtools.crest.swingui.logical.TVEntity" oid="C920A3B4-C624-997A-50C5-1A4AE715D32E" otype="Entity" vid="39A2B4DA-C7BB-A6A6-4102-DB570970EED2">
<hideElementsInCurrentOnly>false</hideElementsInCurrentOnly>
<bounds x="109" y="126" width="141" height="82"/>
</OView>
<OView class="oracle.dbtools.crest.swingui.logical.TVEntity" oid="DDFD7A68-1274-7586-E80E-46260692E512" otype="Entity" vid="E25F010F-E7FB-8022-1EB2-929EBF02A23D">
<hideElementsInCurrentOnly>false</hideElementsInCurrentOnly>
<bounds x="1022" y="562" width="170" height="211"/>
</OView>
<OView class="oracle.dbtools.crest.swingui.logical.TVEntity" oid="FE012C01-2B11-682E-D081-3EEB990369DB" otype="Entity" vid="01D2ADF0-7C27-C2FF-24FC-B7DCBA8B97C1">
<hideElementsInCurrentOnly>false</hideElementsInCurrentOnly>
<bounds x="931" y="217" width="155" height="82"/>
</OView>
</objectViews>
<connectors>
<Connector class="oracle.dbtools.crest.swingui.logical.TVRelation" oid="0A13C9BF-CC2F-F708-DE5A-4C2B06DF254F" otype="Relation" vid_source="0A62D671-D801-3EEC-F5C3-2A91ED8748F7" vid_target="78E6A9C4-B69A-2200-7858-679222BA7625">
<hideElementsInCurrentOnly>false</hideElementsInCurrentOnly>
<backgroundColor>-16777216</backgroundColor>
<lineWidth>1</lineWidth>
<points>
<point x="333" y="99"/>
<point x="402" y="99"/>
</points>
</Connector>
<Connector class="oracle.dbtools.crest.swingui.logical.TVRelation" oid="1FA1AF0A-61EE-39F1-954C-E939ED4C9E7D" otype="Relation" vid_source="74E7771F-46AF-743B-2CD3-AEAA0E66EE15" vid_target="E25F010F-E7FB-8022-1EB2-929EBF02A23D">
<hideElementsInCurrentOnly>false</hideElementsInCurrentOnly>
<backgroundColor>-16777216</backgroundColor>
<lineWidth>1</lineWidth>
<points>
<point x="1058" y="488"/>
<point x="1058" y="562"/>
</points>
</Connector>
<Connector class="oracle.dbtools.crest.swingui.logical.TVInheritanceRelation" oid="25E1EE87-739E-509A-8C15-06DF607552A3" otype="Hierarchy relation" vid_source="0A62D671-D801-3EEC-F5C3-2A91ED8748F7" vid_target="39A2B4DA-C7BB-A6A6-4102-DB570970EED2">
<hideElementsInCurrentOnly>false</hideElementsInCurrentOnly>
<backgroundColor>-65536</backgroundColor>
<lineWidth>1</lineWidth>
</Connector>
<Connector class="oracle.dbtools.crest.swingui.logical.TVRelation" oid="275FEE32-B760-B9DD-D934-315EE3A3C77D" otype="Relation" vid_source="39A2B4DA-C7BB-A6A6-4102-DB570970EED2" vid_target="5E2C860E-B022-AAA0-F20E-523D012F8B77">
<hideElementsInCurrentOnly>false</hideElementsInCurrentOnly>
<backgroundColor>-16777216</backgroundColor>
<lineWidth>1</lineWidth>
<points>
<point x="250" y="152"/>
<point x="872" y="152"/>
</points>
</Connector>
<Connector class="oracle.dbtools.crest.swingui.logical.TVRelation" oid="29F7BE1F-A906-2AC9-76E3-EE0A69478413" otype="Relation" vid_source="9A94DC93-2A74-2BAC-E4A3-63ECD717AF57" vid_target="0E58566E-B352-2364-9281-FA9E9558EC47">
<hideElementsInCurrentOnly>false</hideElementsInCurrentOnly>
<backgroundColor>-16777216</backgroundColor>
<lineWidth>1</lineWidth>
<points>
<point x="675" y="196"/>
<point x="675" y="116"/>
</points>
</Connector>
<Connector class="oracle.dbtools.crest.swingui.logical.TVRelation" oid="4A5D6807-9177-1ABA-751C-B3CEA0DE9C39" otype="Relation" vid_source="9A94DC93-2A74-2BAC-E4A3-63ECD717AF57" vid_target="D0FDCA73-BD74-9A0F-2793-7CAAB8714AD4">
<hideElementsInCurrentOnly>false</hideElementsInCurrentOnly>
<backgroundColor>-16777216</backgroundColor>
<lineWidth>1</lineWidth>
<points>
<point x="735" y="413"/>
<point x="735" y="605"/>
</points>
</Connector>
<Connector class="oracle.dbtools.crest.swingui.logical.TVRelation" oid="4B561512-1986-B8F0-268B-7D4C9766B21B" otype="Relation" vid_source="45F540B3-32FC-F462-2FCC-831B42127B3F" vid_target="C1D612DB-EADF-7FF0-40CB-2FBB10CDEABE">
<hideElementsInCurrentOnly>false</hideElementsInCurrentOnly>
<backgroundColor>-16777216</backgroundColor>
<lineWidth>1</lineWidth>
<points>
<point x="303" y="431"/>
<point x="214" y="431"/>
</points>
</Connector>
<Connector class="oracle.dbtools.crest.swingui.logical.TVRelation" oid="A7ED5081-8F11-4B19-F8E4-33413F895A58" otype="Relation" vid_source="01D2ADF0-7C27-C2FF-24FC-B7DCBA8B97C1" vid_target="9A94DC93-2A74-2BAC-E4A3-63ECD717AF57">
<hideElementsInCurrentOnly>false</hideElementsInCurrentOnly>
<backgroundColor>-16777216</backgroundColor>
<lineWidth>1</lineWidth>
<points>
<point x="931" y="258"/>
<point x="798" y="258"/>
</points>
</Connector>
<Connector class="oracle.dbtools.crest.swingui.logical.TVRelation" oid="A960994F-6B83-5CCB-F8FD-09369EF8BE67" otype="Relation" vid_source="45F540B3-32FC-F462-2FCC-831B42127B3F" vid_target="9A94DC93-2A74-2BAC-E4A3-63ECD717AF57">
<hideElementsInCurrentOnly>false</hideElementsInCurrentOnly>
<backgroundColor>-16777216</backgroundColor>
<lineWidth>1</lineWidth>
<points>
<point x="503" y="385"/>
<point x="583" y="385"/>
</points>
</Connector>
<Connector class="oracle.dbtools.crest.swingui.logical.TVRelation" oid="C6A5CB51-50BD-A7EB-F207-4CAEB6FBBC44" otype="Relation" vid_source="5E15AA30-211D-0AB2-FDFD-ACCB4BF45011" vid_target="45F540B3-32FC-F462-2FCC-831B42127B3F">
<hideElementsInCurrentOnly>false</hideElementsInCurrentOnly>
<backgroundColor>-16777216</backgroundColor>
<lineWidth>1</lineWidth>
<points>
<point x="381" y="571"/>
<point x="381" y="483"/>
</points>
</Connector>
<Connector class="oracle.dbtools.crest.swingui.logical.TVRelation" oid="CBAABF21-A746-FD02-1DC4-F6659C6FAA57" otype="Relation" vid_source="0A62D671-D801-3EEC-F5C3-2A91ED8748F7" vid_target="45F540B3-32FC-F462-2FCC-831B42127B3F">
<hideElementsInCurrentOnly>false</hideElementsInCurrentOnly>
<backgroundColor>-16777216</backgroundColor>
<lineWidth>1</lineWidth>
<points>
<point x="318" y="218"/>
<point x="318" y="358"/>
</points>
</Connector>
<Connector class="oracle.dbtools.crest.swingui.logical.TVRelation" oid="CF7C0629-7B23-1089-E0DA-0599E42BFCAF" otype="Relation" vid_source="0E58566E-B352-2364-9281-FA9E9558EC47" vid_target="5E2C860E-B022-AAA0-F20E-523D012F8B77">
<hideElementsInCurrentOnly>false</hideElementsInCurrentOnly>
<backgroundColor>-16777216</backgroundColor>
<lineWidth>1</lineWidth>
<points>
<point x="734" y="81"/>
<point x="872" y="81"/>
</points>
</Connector>
<Connector class="oracle.dbtools.crest.swingui.logical.TVRelation" oid="F2A25D77-2C91-C286-3FCE-B3F2EEBF458C" otype="Relation" vid_source="D0FDCA73-BD74-9A0F-2793-7CAAB8714AD4" vid_target="74E7771F-46AF-743B-2CD3-AEAA0E66EE15">
<hideElementsInCurrentOnly>false</hideElementsInCurrentOnly>
<backgroundColor>-16777216</backgroundColor>
<lineWidth>1</lineWidth>
<points>
<point x="922" y="605"/>
<point x="922" y="488"/>
</points>
</Connector>
<Connector class="oracle.dbtools.crest.swingui.logical.TVRelation" oid="FD0F731B-FC1D-8148-0249-D1CBA8BD46E8" otype="Relation" vid_source="39A2B4DA-C7BB-A6A6-4102-DB570970EED2" vid_target="C1D612DB-EADF-7FF0-40CB-2FBB10CDEABE">
<hideElementsInCurrentOnly>false</hideElementsInCurrentOnly>
<backgroundColor>-16777216</backgroundColor>
<lineWidth>1</lineWidth>
<points>
<point x="176" y="208"/>
<point x="176" y="380"/>
</points>
</Connector>
</connectors>
</Diagram>