<?xml version = '1.0' encoding = 'UTF-8'?>
<FKIndexAssociation class="oracle.dbtools.crest.model.design.relational.FKIndexAssociation" directorySegmentName="seg_0" id="0B1A5670-3784-DF6E-E416-A32099E72702" containerWithKeyObject="C300B96A-8A03-8C19-3CAD-62B4F25B3084" localFKIndex="14F0FE8F-36A5-62BA-9C83-26E2C08D4470" name="Promo_Reedemed_Promotions_FK">
<createdBy>Samuel Landman</createdBy>
<createdTime>2021-11-13 21:20:28 UTC</createdTime>
<generatorID>CF7C0629-7B23-1089-E0DA-0599E42BFCAF</generatorID>
<ownerDesignName>Updated ER Diagram</ownerDesignName>
<referredTableLongName>Promotions</referredTableLongName>
<deleteRule>NO ACTION</deleteRule>
<referredTableID>F91BFDD1-1B27-EC13-DE6F-3809F3106E6E</referredTableID>
<keyObject>29EA19A6-BDF3-6B50-E08A-382D5319720C</keyObject>
<referredKeyID>29EA19A6-BDF3-6B50-E08A-382D5319720C</referredKeyID>
<mandatory>true</mandatory>
<refColNames>Promotion_Id</refColNames>
<transferable>true</transferable>
<rely>false</rely>
<columnDependencyConstraintGenerateInDDL>true</columnDependencyConstraintGenerateInDDL>
</FKIndexAssociation>