<?xml version = '1.0' encoding = 'UTF-8'?>
<FKIndexAssociation class="oracle.dbtools.crest.model.design.relational.FKIndexAssociation" directorySegmentName="seg_0" id="19DB4DA2-85C9-EC4E-E4B3-8DE004A911C1" containerWithKeyObject="6A9E10F6-9558-64F5-344B-5704AFCB7D13" localFKIndex="D724D40D-642F-A5DD-603F-6B3DE7957ADD" name="Contacts_User_Registration_FK">
<createdBy>Samuel Landman</createdBy>
<createdTime>2021-11-14 06:50:55 UTC</createdTime>
<generatorID>0A13C9BF-CC2F-F708-DE5A-4C2B06DF254F</generatorID>
<ownerDesignName>Updated ER Diagram</ownerDesignName>
<referredTableLongName>User_Registration</referredTableLongName>
<deleteRule>NO ACTION</deleteRule>
<referredTableID>3A2959F0-1996-DCB5-05AE-738E7BCA6E5E</referredTableID>
<keyObject>FDB10063-C7B3-68D2-3D30-F89CE273B487</keyObject>
<referredKeyID>FDB10063-C7B3-68D2-3D30-F89CE273B487</referredKeyID>
<mandatory>true</mandatory>
<refColNames>User_registration_Id</refColNames>
<transferable>true</transferable>
<rely>false</rely>
<columnDependencyConstraintGenerateInDDL>true</columnDependencyConstraintGenerateInDDL>
</FKIndexAssociation>