<?xml version = '1.0' encoding = 'UTF-8'?>
<FKIndexAssociation class="oracle.dbtools.crest.model.design.relational.FKIndexAssociation" directorySegmentName="seg_0" id="2569E38F-3E3D-4717-B818-199D76C51356" containerWithKeyObject="BF7F1D68-E9A5-0D31-3537-3888EF6DC46F" localFKIndex="7B653600-E6C8-E4D7-A0DE-5265167E0DAC" name="favourites_Client_FK">
<createdBy>Samuel Landman</createdBy>
<createdTime>2021-11-14 06:05:04 UTC</createdTime>
<generatorID>FD0F731B-FC1D-8148-0249-D1CBA8BD46E8</generatorID>
<ownerDesignName>Updated ER Diagram</ownerDesignName>
<referredTableLongName>Client</referredTableLongName>
<deleteRule>NO ACTION</deleteRule>
<referredTableID>C1F6C309-7E86-5B02-3371-948D822D61C4</referredTableID>
<keyObject>EE6447E1-6548-76B4-C440-3D2AB082ED01</keyObject>
<referredKeyID>EE6447E1-6548-76B4-C440-3D2AB082ED01</referredKeyID>
<mandatory>true</mandatory>
<refColNames>Client_Id</refColNames>
<transferable>true</transferable>
<rely>false</rely>
<columnDependencyConstraintGenerateInDDL>true</columnDependencyConstraintGenerateInDDL>
</FKIndexAssociation>