<?xml version = '1.0' encoding = 'UTF-8'?>
<FKIndexAssociation class="oracle.dbtools.crest.model.design.relational.FKIndexAssociation" directorySegmentName="seg_0" id="57A8C506-4F69-04A8-19A7-79ABED2270F8" containerWithKeyObject="F53D58F8-17CE-9242-B4C5-1E8EBD31C8F9" localFKIndex="6EAE6AE8-2A3E-16BA-23AD-E1BFBCC10802" name="Reviews_Payments_FK">
<createdBy>Samuel Landman</createdBy>
<createdTime>2021-11-14 06:05:04 UTC</createdTime>
<generatorID>1FA1AF0A-61EE-39F1-954C-E939ED4C9E7D</generatorID>
<ownerDesignName>Updated ER Diagram</ownerDesignName>
<referredTableLongName>Payments</referredTableLongName>
<deleteRule>NO ACTION</deleteRule>
<referredTableID>571490A2-6E76-126D-EADB-0C647AD0ACDD</referredTableID>
<keyObject>4F6D61B6-3F1E-C278-61FF-DFEC1960FE99</keyObject>
<referredKeyID>4F6D61B6-3F1E-C278-61FF-DFEC1960FE99</referredKeyID>
<mandatory>true</mandatory>
<refColNames>Transaction_Id</refColNames>
<transferable>true</transferable>
<rely>false</rely>
<columnDependencyConstraintGenerateInDDL>true</columnDependencyConstraintGenerateInDDL>
</FKIndexAssociation>