<?xml version = '1.0' encoding = 'UTF-8'?>
<FKIndexAssociation class="oracle.dbtools.crest.model.design.relational.FKIndexAssociation" directorySegmentName="seg_0" id="63719EAF-438C-5DB9-CAED-2F14069EC303" containerWithKeyObject="40A163DB-6D8C-9986-DD06-8630CFED2306" localFKIndex="43348FC0-72DD-449C-2C40-A4D4C894EAC0" name="Images_Services_FK">
<createdBy>Samuel Landman</createdBy>
<createdTime>2021-11-13 21:20:28 UTC</createdTime>
<generatorID>A7ED5081-8F11-4B19-F8E4-33413F895A58</generatorID>
<ownerDesignName>Updated ER Diagram</ownerDesignName>
<referredTableLongName>Services</referredTableLongName>
<deleteRule>NO ACTION</deleteRule>
<referredTableID>82DC2265-4C0F-CDCC-50EF-A24FD63BA313</referredTableID>
<keyObject>6F6C4100-548F-1144-224D-842AF9158A95</keyObject>
<referredKeyID>6F6C4100-548F-1144-224D-842AF9158A95</referredKeyID>
<mandatory>true</mandatory>
<refColNames>Service_Id</refColNames>
<transferable>true</transferable>
<rely>false</rely>
<columnDependencyConstraintGenerateInDDL>true</columnDependencyConstraintGenerateInDDL>
</FKIndexAssociation>