<?xml version = '1.0' encoding = 'UTF-8'?>
<FKIndexAssociation class="oracle.dbtools.crest.model.design.relational.FKIndexAssociation" directorySegmentName="seg_0" id="7042A568-644F-8502-7052-6899ED7099FD" containerWithKeyObject="67DDDFA3-6239-BC3E-62FD-46DBB45E5DE3" localFKIndex="103383FC-5065-7044-773C-82EB9883DE6E" name="Saloon_Address_FK">
<createdBy>Samuel Landman</createdBy>
<createdTime>2021-11-14 06:05:04 UTC</createdTime>
<generatorID>C6A5CB51-50BD-A7EB-F207-4CAEB6FBBC44</generatorID>
<ownerDesignName>Updated ER Diagram</ownerDesignName>
<referredTableLongName>Address</referredTableLongName>
<deleteRule>NO ACTION</deleteRule>
<referredTableID>1E16255B-FB66-7723-EF4D-F65901E7278B</referredTableID>
<keyObject>4D31E532-2E19-FBC8-1D94-0BB5A01FD448</keyObject>
<referredKeyID>4D31E532-2E19-FBC8-1D94-0BB5A01FD448</referredKeyID>
<mandatory>true</mandatory>
<refColNames>Address_ID</refColNames>
<transferable>true</transferable>
<rely>false</rely>
<columnDependencyConstraintGenerateInDDL>true</columnDependencyConstraintGenerateInDDL>
</FKIndexAssociation>