<?xml version = '1.0' encoding = 'UTF-8'?>
<FKIndexAssociation class="oracle.dbtools.crest.model.design.relational.FKIndexAssociation" directorySegmentName="seg_0" id="7772D199-9669-2BE0-CDC2-89A8FA984993" containerWithKeyObject="BF7F1D68-E9A5-0D31-3537-3888EF6DC46F" localFKIndex="7041A244-65AE-943E-EEF4-039CC451BF95" name="favourites_Saloon_FK">
<createdBy>Samuel Landman</createdBy>
<createdTime>2021-11-14 06:05:04 UTC</createdTime>
<generatorID>4B561512-1986-B8F0-268B-7D4C9766B21B</generatorID>
<ownerDesignName>Updated ER Diagram</ownerDesignName>
<referredTableLongName>Saloon</referredTableLongName>
<deleteRule>NO ACTION</deleteRule>
<referredTableID>67DDDFA3-6239-BC3E-62FD-46DBB45E5DE3</referredTableID>
<keyObject>AE33937D-0AFB-7EB4-1D3A-0FBCAE97D87F</keyObject>
<referredKeyID>AE33937D-0AFB-7EB4-1D3A-0FBCAE97D87F</referredKeyID>
<mandatory>true</mandatory>
<refColNames>Saloon_Id</refColNames>
<transferable>true</transferable>
<rely>false</rely>
<columnDependencyConstraintGenerateInDDL>true</columnDependencyConstraintGenerateInDDL>
</FKIndexAssociation>