<?xml version = '1.0' encoding = 'UTF-8'?>
<FKIndexAssociation class="oracle.dbtools.crest.model.design.relational.FKIndexAssociation" directorySegmentName="seg_0" id="7D89C494-EDDA-7893-BD44-A971A74E1904" containerWithKeyObject="B463F04F-6239-7BC7-3FBE-4584CEF701CE" localFKIndex="33F90052-ED42-0124-94E1-57C3E7E5FC02" name="Booking_Services_FK">
<createdBy>Samuel Landman</createdBy>
<createdTime>2021-11-14 06:05:04 UTC</createdTime>
<generatorID>4A5D6807-9177-1ABA-751C-B3CEA0DE9C39</generatorID>
<ownerDesignName>Updated ER Diagram</ownerDesignName>
<referredTableLongName>Services</referredTableLongName>
<deleteRule>NO ACTION</deleteRule>
<referredTableID>82DC2265-4C0F-CDCC-50EF-A24FD63BA313</referredTableID>
<keyObject>6F6C4100-548F-1144-224D-842AF9158A95</keyObject>
<referredKeyID>6F6C4100-548F-1144-224D-842AF9158A95</referredKeyID>
<mandatory>true</mandatory>
<refColNames>Service_Id</refColNames>
<transferable>true</transferable>
<rely>false</rely>
<columnDependencyConstraintGenerateInDDL>true</columnDependencyConstraintGenerateInDDL>
</FKIndexAssociation>