<?xml version = '1.0' encoding = 'UTF-8'?>
<FKIndexAssociation class="oracle.dbtools.crest.model.design.relational.FKIndexAssociation" directorySegmentName="seg_0" id="81AA4AF9-999A-C261-4AAD-D7EA19C54B72" containerWithKeyObject="C1F6C309-7E86-5B02-3371-948D822D61C4" localFKIndex="64B7677C-CDEC-815D-C1B1-EBB8D1A05DD6" name="Client_User_Registration_FK">
<createdBy>Samuel Landman</createdBy>
<createdTime>2021-11-13 21:20:27 UTC</createdTime>
<generatorID>25E1EE87-739E-509A-8C15-06DF607552A3</generatorID>
<ownerDesignName>Updated ER Diagram</ownerDesignName>
<referredTableLongName>User_Registration</referredTableLongName>
<deleteRule>NO ACTION</deleteRule>
<referredTableID>3A2959F0-1996-DCB5-05AE-738E7BCA6E5E</referredTableID>
<keyObject>FDB10063-C7B3-68D2-3D30-F89CE273B487</keyObject>
<referredKeyID>FDB10063-C7B3-68D2-3D30-F89CE273B487</referredKeyID>
<mandatory>true</mandatory>
<refColNames>User_registration_Id</refColNames>
<transferable>true</transferable>
<rely>false</rely>
<columnDependencyConstraintGenerateInDDL>true</columnDependencyConstraintGenerateInDDL>
</FKIndexAssociation>