<?xml version = '1.0' encoding = 'UTF-8'?>
<FKIndexAssociation class="oracle.dbtools.crest.model.design.relational.FKIndexAssociation" directorySegmentName="seg_0" id="C04E5A56-4E76-476E-1841-D9C2E4CCFB36" containerWithKeyObject="F91BFDD1-1B27-EC13-DE6F-3809F3106E6E" localFKIndex="57D397D6-E817-E5D2-B9AF-241ABB24D845" name="Promotions_Services_FK">
<createdBy>Samuel Landman</createdBy>
<createdTime>2021-11-13 21:20:28 UTC</createdTime>
<generatorID>29F7BE1F-A906-2AC9-76E3-EE0A69478413</generatorID>
<ownerDesignName>Updated ER Diagram</ownerDesignName>
<referredTableLongName>Services</referredTableLongName>
<deleteRule>NO ACTION</deleteRule>
<referredTableID>82DC2265-4C0F-CDCC-50EF-A24FD63BA313</referredTableID>
<keyObject>6F6C4100-548F-1144-224D-842AF9158A95</keyObject>
<referredKeyID>6F6C4100-548F-1144-224D-842AF9158A95</referredKeyID>
<mandatory>true</mandatory>
<refColNames>Service_Id</refColNames>
<transferable>true</transferable>
<rely>false</rely>
<columnDependencyConstraintGenerateInDDL>true</columnDependencyConstraintGenerateInDDL>
</FKIndexAssociation>