<?xml version = '1.0' encoding = 'UTF-8'?>
<FKIndexAssociation class="oracle.dbtools.crest.model.design.relational.FKIndexAssociation" directorySegmentName="seg_0" id="DA0C6C82-7574-C4DB-201A-F0D359D66005" containerWithKeyObject="67DDDFA3-6239-BC3E-62FD-46DBB45E5DE3" localFKIndex="4DDC6D69-B694-1EF2-A78F-B2D1A81AAC19" name="Saloon_User_Registration_FK">
<createdBy>Samuel Landman</createdBy>
<createdTime>2021-11-14 06:05:04 UTC</createdTime>
<generatorID>CBAABF21-A746-FD02-1DC4-F6659C6FAA57</generatorID>
<ownerDesignName>Updated ER Diagram</ownerDesignName>
<referredTableLongName>User_Registration</referredTableLongName>
<deleteRule>NO ACTION</deleteRule>
<referredTableID>3A2959F0-1996-DCB5-05AE-738E7BCA6E5E</referredTableID>
<keyObject>FDB10063-C7B3-68D2-3D30-F89CE273B487</keyObject>
<referredKeyID>FDB10063-C7B3-68D2-3D30-F89CE273B487</referredKeyID>
<mandatory>true</mandatory>
<refColNames>User_registration_Id</refColNames>
<transferable>true</transferable>
<rely>false</rely>
<columnDependencyConstraintGenerateInDDL>true</columnDependencyConstraintGenerateInDDL>
</FKIndexAssociation>