<?xml version = '1.0' encoding = 'UTF-8'?>
<FKIndexAssociation class="oracle.dbtools.crest.model.design.relational.FKIndexAssociation" directorySegmentName="seg_0" id="E32B7E03-A142-A0EE-14C4-FC2077CBC15B" containerWithKeyObject="82DC2265-4C0F-CDCC-50EF-A24FD63BA313" localFKIndex="F9B14E3F-E12A-1EF6-7AF7-973453602A38" name="Services_Saloon_FK">
<createdBy>Samuel Landman</createdBy>
<createdTime>2021-11-14 06:05:04 UTC</createdTime>
<generatorID>A960994F-6B83-5CCB-F8FD-09369EF8BE67</generatorID>
<ownerDesignName>Updated ER Diagram</ownerDesignName>
<referredTableLongName>Saloon</referredTableLongName>
<deleteRule>NO ACTION</deleteRule>
<referredTableID>67DDDFA3-6239-BC3E-62FD-46DBB45E5DE3</referredTableID>
<keyObject>AE33937D-0AFB-7EB4-1D3A-0FBCAE97D87F</keyObject>
<referredKeyID>AE33937D-0AFB-7EB4-1D3A-0FBCAE97D87F</referredKeyID>
<mandatory>true</mandatory>
<refColNames>Saloon_Id</refColNames>
<transferable>true</transferable>
<rely>false</rely>
<columnDependencyConstraintGenerateInDDL>true</columnDependencyConstraintGenerateInDDL>
</FKIndexAssociation>