<?xml version = '1.0' encoding = 'UTF-8'?>
<FKIndexAssociation class="oracle.dbtools.crest.model.design.relational.FKIndexAssociation" directorySegmentName="seg_0" id="EA23BE5C-775C-8ACF-393D-8B0F6918E8CB" containerWithKeyObject="C300B96A-8A03-8C19-3CAD-62B4F25B3084" localFKIndex="B9E52839-4D91-325F-1A5D-E3AD5AB49D86" name="Promo_Reedemed_Client_FK">
<createdBy>Samuel Landman</createdBy>
<createdTime>2021-11-14 06:05:04 UTC</createdTime>
<generatorID>275FEE32-B760-B9DD-D934-315EE3A3C77D</generatorID>
<ownerDesignName>Updated ER Diagram</ownerDesignName>
<referredTableLongName>Client</referredTableLongName>
<deleteRule>NO ACTION</deleteRule>
<referredTableID>C1F6C309-7E86-5B02-3371-948D822D61C4</referredTableID>
<keyObject>EE6447E1-6548-76B4-C440-3D2AB082ED01</keyObject>
<referredKeyID>EE6447E1-6548-76B4-C440-3D2AB082ED01</referredKeyID>
<mandatory>true</mandatory>
<refColNames>Client_Id</refColNames>
<transferable>true</transferable>
<rely>false</rely>
<columnDependencyConstraintGenerateInDDL>true</columnDependencyConstraintGenerateInDDL>
</FKIndexAssociation>