<?xml version = '1.0' encoding = 'UTF-8'?>
<FKIndexAssociation class="oracle.dbtools.crest.model.design.relational.FKIndexAssociation" directorySegmentName="seg_0" id="F9A255FF-EEE6-8C0F-FC2C-443738DF2E54" containerWithKeyObject="571490A2-6E76-126D-EADB-0C647AD0ACDD" localFKIndex="18CA39C1-EF08-FF46-5ED7-2B4129F20F3B" name="Payments_Booking_FK">
<createdBy>Samuel Landman</createdBy>
<createdTime>2021-11-14 06:05:04 UTC</createdTime>
<generatorID>F2A25D77-2C91-C286-3FCE-B3F2EEBF458C</generatorID>
<ownerDesignName>Updated ER Diagram</ownerDesignName>
<referredTableLongName>Booking</referredTableLongName>
<deleteRule>NO ACTION</deleteRule>
<referredTableID>B463F04F-6239-7BC7-3FBE-4584CEF701CE</referredTableID>
<keyObject>EC62604A-E5B5-3A1E-2AFF-E0F4D01C74D7</keyObject>
<referredKeyID>EC62604A-E5B5-3A1E-2AFF-E0F4D01C74D7</referredKeyID>
<mandatory>true</mandatory>
<refColNames>Booking_Id</refColNames>
<transferable>true</transferable>
<rely>false</rely>
<columnDependencyConstraintGenerateInDDL>true</columnDependencyConstraintGenerateInDDL>
</FKIndexAssociation>