<?xml version = '1.0' encoding = 'UTF-8'?>
<Diagram class="oracle.dbtools.crest.swingui.relational.DPVRelational" name="Relational_1" id="79A77007-4C50-570C-4E0D-B420892FF57A">
<createdBy>Samuel Landman</createdBy>
<modifiedBy>Samuel Landman</modifiedBy>
<createdTime>2021-10-27 09:36:43 UTC</createdTime>
<autoRoute>false</autoRoute>
<boxInbox>true</boxInbox>
<showLegend>false</showLegend>
<showLabels>false</showLabels>
<showRelAttributes>false</showRelAttributes>
<gridEnabled>false</gridEnabled>
<showGrid>false</showGrid>
<diagramColor>-1</diagramColor>
<display>false</display>
<notation>1</notation>
<objectViews>
<OView class="oracle.dbtools.crest.swingui.relational.TVTable" oid="1E16255B-FB66-7723-EF4D-F65901E7278B" otype="Table" vid="D25AED3A-593A-C1EA-8EB4-D986CC81CED4">
<hideElementsInCurrentOnly>false</hideElementsInCurrentOnly>
<bounds x="120" y="930" width="400" height="167"/>
</OView>
<OView class="oracle.dbtools.crest.swingui.relational.TVTable" oid="3A2959F0-1996-DCB5-05AE-738E7BCA6E5E" otype="Table" vid="125B0EF1-66FB-B154-A02B-2F2BC4A6DD30">
<hideElementsInCurrentOnly>false</hideElementsInCurrentOnly>
<bounds x="38" y="11" width="356" height="168"/>
</OView>
<OView class="oracle.dbtools.crest.swingui.relational.TVTable" oid="40A163DB-6D8C-9986-DD06-8630CFED2306" otype="Table" vid="18D5C6DD-4D0F-CFAE-C6BB-55431CF43639">
<hideElementsInCurrentOnly>false</hideElementsInCurrentOnly>
<bounds x="1321" y="321" width="268" height="153"/>
</OView>
<OView class="oracle.dbtools.crest.swingui.relational.TVTable" oid="571490A2-6E76-126D-EADB-0C647AD0ACDD" otype="Table" vid="F531191C-17EA-5EAE-873F-B8F70DDC78B1">
<hideElementsInCurrentOnly>false</hideElementsInCurrentOnly>
<bounds x="1015" y="519" width="299" height="157"/>
</OView>
<OView class="oracle.dbtools.crest.swingui.relational.TVTable" oid="67DDDFA3-6239-BC3E-62FD-46DBB45E5DE3" otype="Table" vid="D4FD56C4-1FF1-231F-9218-9F01320590FC">
<hideElementsInCurrentOnly>false</hideElementsInCurrentOnly>
<bounds x="353" y="608" width="365" height="231"/>
</OView>
<OView class="oracle.dbtools.crest.swingui.relational.TVTable" oid="6A9E10F6-9558-64F5-344B-5704AFCB7D13" otype="Table" vid="37F4F195-598C-30B9-30C5-880C8102277A">
<hideElementsInCurrentOnly>false</hideElementsInCurrentOnly>
<bounds x="474" y="26" width="370" height="156"/>
</OView>
<OView class="oracle.dbtools.crest.swingui.relational.TVTable" oid="82DC2265-4C0F-CDCC-50EF-A24FD63BA313" otype="Table" vid="CD953974-B7E4-8412-F74B-AA82A6564C77">
<hideElementsInCurrentOnly>false</hideElementsInCurrentOnly>
<bounds x="552" y="299" width="408" height="217"/>
</OView>
<OView class="oracle.dbtools.crest.swingui.relational.TVTable" oid="B463F04F-6239-7BC7-3FBE-4584CEF701CE" otype="Table" vid="05B80F7C-898A-0480-F6D5-5492F72BFD36">
<hideElementsInCurrentOnly>false</hideElementsInCurrentOnly>
<bounds x="752" y="836" width="354" height="209"/>
</OView>
<OView class="oracle.dbtools.crest.swingui.relational.TVTable" oid="BF7F1D68-E9A5-0D31-3537-3888EF6DC46F" otype="Table" vid="3CDDC76C-5EFA-3D88-477F-7491DC9C58DA">
<hideElementsInCurrentOnly>false</hideElementsInCurrentOnly>
<bounds x="1" y="595" width="270" height="182"/>
</OView>
<OView class="oracle.dbtools.crest.swingui.relational.TVTable" oid="C1F6C309-7E86-5B02-3371-948D822D61C4" otype="Table" vid="4B6C3B6E-F326-66BF-4BF7-9EE561B48B91">
<hideElementsInCurrentOnly>false</hideElementsInCurrentOnly>
<bounds x="34" y="256" width="264" height="171"/>
</OView>
<OView class="oracle.dbtools.crest.swingui.relational.TVTable" oid="C300B96A-8A03-8C19-3CAD-62B4F25B3084" otype="Table" vid="95FCA789-6AD1-4D64-F30A-C9B2447119BC">
<hideElementsInCurrentOnly>false</hideElementsInCurrentOnly>
<bounds x="1287" y="62" width="333" height="212"/>
</OView>
<OView class="oracle.dbtools.crest.swingui.relational.TVTable" oid="F53D58F8-17CE-9242-B4C5-1E8EBD31C8F9" otype="Table" vid="9AFF72F0-AA1B-0924-5A40-281FFC74DC79">
<hideElementsInCurrentOnly>false</hideElementsInCurrentOnly>
<bounds x="1170" y="762" width="292" height="165"/>
</OView>
<OView class="oracle.dbtools.crest.swingui.relational.TVTable" oid="F91BFDD1-1B27-EC13-DE6F-3809F3106E6E" otype="Table" vid="0208A993-854C-2498-3419-87860A1B1F6E">
<hideElementsInCurrentOnly>false</hideElementsInCurrentOnly>
<bounds x="871" y="1" width="299" height="177"/>
</OView>
</objectViews>
<connectors>
<Connector class="oracle.dbtools.crest.swingui.relational.TVFKRelation" oid="0B1A5670-3784-DF6E-E416-A32099E72702" otype="FKIndexAssociation" vid_source="0208A993-854C-2498-3419-87860A1B1F6E" vid_target="95FCA789-6AD1-4D64-F30A-C9B2447119BC">
<hideElementsInCurrentOnly>false</hideElementsInCurrentOnly>
<backgroundColor>-16777216</backgroundColor>
<lineWidth>1</lineWidth>
<points>
<point x="1170" y="120"/>
<point x="1287" y="120"/>
</points>
</Connector>
<Connector class="oracle.dbtools.crest.swingui.relational.TVFKRelation" oid="19DB4DA2-85C9-EC4E-E4B3-8DE004A911C1" otype="FKIndexAssociation" vid_source="125B0EF1-66FB-B154-A02B-2F2BC4A6DD30" vid_target="37F4F195-598C-30B9-30C5-880C8102277A">
<hideElementsInCurrentOnly>false</hideElementsInCurrentOnly>
<backgroundColor>-16777216</backgroundColor>
<lineWidth>1</lineWidth>
<points>
<point x="394" y="102"/>
<point x="474" y="102"/>
</points>
</Connector>
<Connector class="oracle.dbtools.crest.swingui.relational.TVFKRelation" oid="2569E38F-3E3D-4717-B818-199D76C51356" otype="FKIndexAssociation" vid_source="4B6C3B6E-F326-66BF-4BF7-9EE561B48B91" vid_target="3CDDC76C-5EFA-3D88-477F-7491DC9C58DA">
<hideElementsInCurrentOnly>false</hideElementsInCurrentOnly>
<backgroundColor>-16777216</backgroundColor>
<lineWidth>1</lineWidth>
<points>
<point x="152" y="427"/>
<point x="152" y="595"/>
</points>
</Connector>
<Connector class="oracle.dbtools.crest.swingui.relational.TVFKRelation" oid="57A8C506-4F69-04A8-19A7-79ABED2270F8" otype="FKIndexAssociation" vid_source="F531191C-17EA-5EAE-873F-B8F70DDC78B1" vid_target="9AFF72F0-AA1B-0924-5A40-281FFC74DC79">
<hideElementsInCurrentOnly>false</hideElementsInCurrentOnly>
<backgroundColor>-16777216</backgroundColor>
<lineWidth>1</lineWidth>
<points>
<point x="1242" y="676"/>
<point x="1242" y="762"/>
</points>
</Connector>
<Connector class="oracle.dbtools.crest.swingui.relational.TVFKRelation" oid="63719EAF-438C-5DB9-CAED-2F14069EC303" otype="FKIndexAssociation" vid_source="CD953974-B7E4-8412-F74B-AA82A6564C77" vid_target="18D5C6DD-4D0F-CFAE-C6BB-55431CF43639">
<hideElementsInCurrentOnly>false</hideElementsInCurrentOnly>
<backgroundColor>-16777216</backgroundColor>
<lineWidth>1</lineWidth>
<points>
<point x="960" y="397"/>
<point x="1321" y="397"/>
</points>
</Connector>
<Connector class="oracle.dbtools.crest.swingui.relational.TVFKRelation" oid="7042A568-644F-8502-7052-6899ED7099FD" otype="FKIndexAssociation" vid_source="D25AED3A-593A-C1EA-8EB4-D986CC81CED4" vid_target="D4FD56C4-1FF1-231F-9218-9F01320590FC">
<hideElementsInCurrentOnly>false</hideElementsInCurrentOnly>
<backgroundColor>-16777216</backgroundColor>
<lineWidth>1</lineWidth>
<points>
<point x="436" y="930"/>
<point x="436" y="839"/>
</points>
</Connector>
<Connector class="oracle.dbtools.crest.swingui.relational.TVFKRelation" oid="7772D199-9669-2BE0-CDC2-89A8FA984993" otype="FKIndexAssociation" vid_source="D4FD56C4-1FF1-231F-9218-9F01320590FC" vid_target="3CDDC76C-5EFA-3D88-477F-7491DC9C58DA">
<hideElementsInCurrentOnly>false</hideElementsInCurrentOnly>
<backgroundColor>-16777216</backgroundColor>
<lineWidth>1</lineWidth>
<points>
<point x="353" y="692"/>
<point x="271" y="692"/>
</points>
</Connector>
<Connector class="oracle.dbtools.crest.swingui.relational.TVFKRelation" oid="7D89C494-EDDA-7893-BD44-A971A74E1904" otype="FKIndexAssociation" vid_source="CD953974-B7E4-8412-F74B-AA82A6564C77" vid_target="05B80F7C-898A-0480-F6D5-5492F72BFD36">
<hideElementsInCurrentOnly>false</hideElementsInCurrentOnly>
<backgroundColor>-16777216</backgroundColor>
<lineWidth>1</lineWidth>
<points>
<point x="856" y="516"/>
<point x="856" y="836"/>
</points>
</Connector>
<Connector class="oracle.dbtools.crest.swingui.relational.TVFKRelation" oid="81AA4AF9-999A-C261-4AAD-D7EA19C54B72" otype="FKIndexAssociation" vid_source="125B0EF1-66FB-B154-A02B-2F2BC4A6DD30" vid_target="4B6C3B6E-F326-66BF-4BF7-9EE561B48B91">
<hideElementsInCurrentOnly>false</hideElementsInCurrentOnly>
<backgroundColor>-16777216</backgroundColor>
<lineWidth>1</lineWidth>
<points>
<point x="168" y="179"/>
<point x="168" y="256"/>
</points>
</Connector>
<Connector class="oracle.dbtools.crest.swingui.relational.TVFKRelation" oid="C04E5A56-4E76-476E-1841-D9C2E4CCFB36" otype="FKIndexAssociation" vid_source="CD953974-B7E4-8412-F74B-AA82A6564C77" vid_target="0208A993-854C-2498-3419-87860A1B1F6E">
<hideElementsInCurrentOnly>false</hideElementsInCurrentOnly>
<backgroundColor>-16777216</backgroundColor>
<lineWidth>1</lineWidth>
<points>
<point x="915" y="299"/>
<point x="915" y="178"/>
</points>
</Connector>
<Connector class="oracle.dbtools.crest.swingui.relational.TVFKRelation" oid="DA0C6C82-7574-C4DB-201A-F0D359D66005" otype="FKIndexAssociation" vid_source="125B0EF1-66FB-B154-A02B-2F2BC4A6DD30" vid_target="D4FD56C4-1FF1-231F-9218-9F01320590FC">
<hideElementsInCurrentOnly>false</hideElementsInCurrentOnly>
<backgroundColor>-16777216</backgroundColor>
<lineWidth>1</lineWidth>
<points>
<point x="373" y="179"/>
<point x="373" y="608"/>
</points>
</Connector>
<Connector class="oracle.dbtools.crest.swingui.relational.TVFKRelation" oid="E32B7E03-A142-A0EE-14C4-FC2077CBC15B" otype="FKIndexAssociation" vid_source="D4FD56C4-1FF1-231F-9218-9F01320590FC" vid_target="CD953974-B7E4-8412-F74B-AA82A6564C77">
<hideElementsInCurrentOnly>false</hideElementsInCurrentOnly>
<backgroundColor>-16777216</backgroundColor>
<lineWidth>1</lineWidth>
<points>
<point x="635" y="608"/>
<point x="635" y="516"/>
</points>
</Connector>
<Connector class="oracle.dbtools.crest.swingui.relational.TVFKRelation" oid="EA23BE5C-775C-8ACF-393D-8B0F6918E8CB" otype="FKIndexAssociation" vid_source="4B6C3B6E-F326-66BF-4BF7-9EE561B48B91" vid_target="95FCA789-6AD1-4D64-F30A-C9B2447119BC">
<hideElementsInCurrentOnly>false</hideElementsInCurrentOnly>
<backgroundColor>-16777216</backgroundColor>
<lineWidth>1</lineWidth>
<points>
<point x="298" y="265"/>
<point x="1287" y="265"/>
</points>
</Connector>
<Connector class="oracle.dbtools.crest.swingui.relational.TVFKRelation" oid="F9A255FF-EEE6-8C0F-FC2C-443738DF2E54" otype="FKIndexAssociation" vid_source="05B80F7C-898A-0480-F6D5-5492F72BFD36" vid_target="F531191C-17EA-5EAE-873F-B8F70DDC78B1">
<hideElementsInCurrentOnly>false</hideElementsInCurrentOnly>
<backgroundColor>-16777216</backgroundColor>
<lineWidth>1</lineWidth>
<points>
<point x="1060" y="836"/>
<point x="1060" y="676"/>
</points>
</Connector>
</connectors>
</Diagram>