<?xml version = '1.0' encoding = 'UTF-8'?>
<Relation class="oracle.dbtools.crest.model.design.logical.Relation" name="Relation_50" directorySegmentName="seg_0" id="0A13C9BF-CC2F-F708-DE5A-4C2B06DF254F">
<createdBy>Samuel Landman</createdBy>
<createdTime>2021-11-14 06:50:41 UTC</createdTime>
<ownerDesignName>Updated ER Diagram</ownerDesignName>
<engineerTo>
<item key="5701BE9D-90C9-9C5C-14B4-7E9FE8233AA8" value="true"/>
</engineerTo>
<sourcePk>F80069DD-F414-7173-B15E-D42181FC187B</sourcePk>
<identifying>false</identifying>
<optionalSource>true</optionalSource>
<optionalTarget>false</optionalTarget>
<sourceCardinality>1</sourceCardinality>
<sourceEntity>8CFBD75E-6DB2-40CB-841A-185C7ADB8B44</sourceEntity>
<targetCardinalityString>*</targetCardinalityString>
<targetEntity>15CC257E-6246-A56A-663B-1C9EBD097BA3</targetEntity>
<transferable>true</transferable>
<deleteRule>NO ACTION</deleteRule>
</Relation>