<?xml version = '1.0' encoding = 'UTF-8'?>
<Relation class="oracle.dbtools.crest.model.design.logical.Relation" name="Relation_40" directorySegmentName="seg_0" id="1FA1AF0A-61EE-39F1-954C-E939ED4C9E7D">
<createdBy>Samuel Landman</createdBy>
<createdTime>2021-11-14 05:39:17 UTC</createdTime>
<ownerDesignName>Updated ER Diagram</ownerDesignName>
<engineerTo>
<item key="5701BE9D-90C9-9C5C-14B4-7E9FE8233AA8" value="true"/>
</engineerTo>
<sourcePk>39E24138-55DC-D00D-399F-8224650600F6</sourcePk>
<identifying>false</identifying>
<optionalSource>true</optionalSource>
<optionalTarget>false</optionalTarget>
<sourceCardinality>1</sourceCardinality>
<sourceEntity>AC6E2D3E-B840-EE78-F957-0040096871FD</sourceEntity>
<targetCardinalityString>*</targetCardinalityString>
<targetEntity>DDFD7A68-1274-7586-E80E-46260692E512</targetEntity>
<transferable>true</transferable>
<deleteRule>NO ACTION</deleteRule>
</Relation>