<?xml version = '1.0' encoding = 'UTF-8'?>
<Relation class="oracle.dbtools.crest.model.design.logical.Relation" name="Relation_35" directorySegmentName="seg_0" id="275FEE32-B760-B9DD-D934-315EE3A3C77D">
<createdBy>Samuel Landman</createdBy>
<createdTime>2021-11-14 05:31:25 UTC</createdTime>
<ownerDesignName>Updated ER Diagram</ownerDesignName>
<engineerTo>
<item key="5701BE9D-90C9-9C5C-14B4-7E9FE8233AA8" value="true"/>
</engineerTo>
<sourcePk>D6C0B587-4F7A-034E-5DF7-3544D06C3E5B</sourcePk>
<identifying>false</identifying>
<optionalSource>true</optionalSource>
<optionalTarget>false</optionalTarget>
<sourceCardinality>1</sourceCardinality>
<sourceEntity>C920A3B4-C624-997A-50C5-1A4AE715D32E</sourceEntity>
<targetCardinalityString>*</targetCardinalityString>
<targetEntity>A9BD7B9C-F7ED-6C09-EB63-AC3013EF85F1</targetEntity>
<transferable>true</transferable>
<deleteRule>NO ACTION</deleteRule>
</Relation>