<?xml version = '1.0' encoding = 'UTF-8'?>
<Relation class="oracle.dbtools.crest.model.design.logical.Relation" name="Relation_31" directorySegmentName="seg_0" id="29F7BE1F-A906-2AC9-76E3-EE0A69478413">
<createdBy>Samuel Landman</createdBy>
<createdTime>2021-11-13 21:13:49 UTC</createdTime>
<ownerDesignName>Updated ER Diagram</ownerDesignName>
<engineerTo>
<item key="5701BE9D-90C9-9C5C-14B4-7E9FE8233AA8" value="true"/>
</engineerTo>
<sourcePk>3C3E40C3-B775-AD5D-8AF5-B7779EF70512</sourcePk>
<identifying>false</identifying>
<optionalSource>true</optionalSource>
<optionalTarget>false</optionalTarget>
<sourceCardinality>1</sourceCardinality>
<sourceEntity>BDF32D4F-2403-D080-6045-F0278A1CE5CC</sourceEntity>
<targetCardinalityString>*</targetCardinalityString>
<targetEntity>7F40FFDF-ADE8-A77C-B4B4-BD04E04AB143</targetEntity>
<transferable>true</transferable>
<deleteRule>NO ACTION</deleteRule>
</Relation>