<?xml version = '1.0' encoding = 'UTF-8'?>
<Relation class="oracle.dbtools.crest.model.design.logical.Relation" name="Relation_36" directorySegmentName="seg_0" id="4A5D6807-9177-1ABA-751C-B3CEA0DE9C39">
<createdBy>Samuel Landman</createdBy>
<createdTime>2021-11-14 05:35:27 UTC</createdTime>
<ownerDesignName>Updated ER Diagram</ownerDesignName>
<engineerTo>
<item key="5701BE9D-90C9-9C5C-14B4-7E9FE8233AA8" value="true"/>
</engineerTo>
<sourcePk>3C3E40C3-B775-AD5D-8AF5-B7779EF70512</sourcePk>
<identifying>false</identifying>
<optionalSource>true</optionalSource>
<optionalTarget>false</optionalTarget>
<sourceCardinality>1</sourceCardinality>
<sourceEntity>BDF32D4F-2403-D080-6045-F0278A1CE5CC</sourceEntity>
<targetCardinalityString>*</targetCardinalityString>
<targetEntity>4DDD6F3E-0F54-B0BB-0BD0-EC3A79337F25</targetEntity>
<transferable>true</transferable>
<deleteRule>NO ACTION</deleteRule>
</Relation>