<?xml version = '1.0' encoding = 'UTF-8'?>
<Relation class="oracle.dbtools.crest.model.design.logical.Relation" name="Relation_46" directorySegmentName="seg_0" id="4B561512-1986-B8F0-268B-7D4C9766B21B">
<createdBy>Samuel Landman</createdBy>
<createdTime>2021-11-14 05:57:29 UTC</createdTime>
<ownerDesignName>Updated ER Diagram</ownerDesignName>
<engineerTo>
<item key="5701BE9D-90C9-9C5C-14B4-7E9FE8233AA8" value="true"/>
</engineerTo>
<sourcePk>8BFBAE9D-D2FB-E8B0-1DF7-658F7B3DC1FA</sourcePk>
<identifying>false</identifying>
<optionalSource>true</optionalSource>
<optionalTarget>false</optionalTarget>
<sourceCardinality>1</sourceCardinality>
<sourceEntity>14BF5D81-7F3C-CE75-63D6-EB24E418BDB3</sourceEntity>
<targetCardinalityString>*</targetCardinalityString>
<targetEntity>6B42DFE2-C51E-8FA0-5EE1-C1C0FE886A03</targetEntity>
<transferable>true</transferable>
<deleteRule>NO ACTION</deleteRule>
</Relation>