<?xml version = '1.0' encoding = 'UTF-8'?>
<Relation class="oracle.dbtools.crest.model.design.logical.Relation" name="Relation_30" directorySegmentName="seg_0" id="A7ED5081-8F11-4B19-F8E4-33413F895A58">
<createdBy>Samuel Landman</createdBy>
<createdTime>2021-11-13 21:11:52 UTC</createdTime>
<ownerDesignName>Updated ER Diagram</ownerDesignName>
<engineerTo>
<item key="5701BE9D-90C9-9C5C-14B4-7E9FE8233AA8" value="true"/>
</engineerTo>
<sourcePk>A63E3CA2-F83C-D79F-E1B2-138004C832C1</sourcePk>
<targetPk>3C3E40C3-B775-AD5D-8AF5-B7779EF70512</targetPk>
<identifying>false</identifying>
<optionalSource>false</optionalSource>
<optionalTarget>true</optionalTarget>
<sourceCardinality>*</sourceCardinality>
<sourceEntity>FE012C01-2B11-682E-D081-3EEB990369DB</sourceEntity>
<targetCardinalityString>1</targetCardinalityString>
<targetEntity>BDF32D4F-2403-D080-6045-F0278A1CE5CC</targetEntity>
<transferable>true</transferable>
<deleteRule>NO ACTION</deleteRule>
</Relation>