<?xml version = '1.0' encoding = 'UTF-8'?>
<Relation class="oracle.dbtools.crest.model.design.logical.Relation" name="Relation_44" directorySegmentName="seg_0" id="A960994F-6B83-5CCB-F8FD-09369EF8BE67">
<createdBy>Samuel Landman</createdBy>
<createdTime>2021-11-14 05:49:09 UTC</createdTime>
<ownerDesignName>Updated ER Diagram</ownerDesignName>
<engineerTo>
<item key="5701BE9D-90C9-9C5C-14B4-7E9FE8233AA8" value="true"/>
</engineerTo>
<sourcePk>8BFBAE9D-D2FB-E8B0-1DF7-658F7B3DC1FA</sourcePk>
<identifying>false</identifying>
<optionalSource>true</optionalSource>
<optionalTarget>false</optionalTarget>
<sourceCardinality>1</sourceCardinality>
<sourceEntity>14BF5D81-7F3C-CE75-63D6-EB24E418BDB3</sourceEntity>
<targetCardinalityString>*</targetCardinalityString>
<targetEntity>BDF32D4F-2403-D080-6045-F0278A1CE5CC</targetEntity>
<transferable>true</transferable>
<deleteRule>NO ACTION</deleteRule>
</Relation>