<?xml version = '1.0' encoding = 'UTF-8'?>
<Relation class="oracle.dbtools.crest.model.design.logical.Relation" name="Relation_47" directorySegmentName="seg_0" id="C6A5CB51-50BD-A7EB-F207-4CAEB6FBBC44">
<createdBy>Samuel Landman</createdBy>
<createdTime>2021-11-14 06:02:15 UTC</createdTime>
<ownerDesignName>Updated ER Diagram</ownerDesignName>
<engineerTo>
<item key="5701BE9D-90C9-9C5C-14B4-7E9FE8233AA8" value="true"/>
</engineerTo>
<identifying>false</identifying>
<optionalSource>true</optionalSource>
<optionalTarget>false</optionalTarget>
<sourceCardinality>1</sourceCardinality>
<sourceEntity>BE60BFDA-BCA5-C76E-7C06-12D9591454BC</sourceEntity>
<targetCardinalityString>*</targetCardinalityString>
<targetEntity>14BF5D81-7F3C-CE75-63D6-EB24E418BDB3</targetEntity>
<transferable>true</transferable>
<deleteRule>NO ACTION</deleteRule>
</Relation>