<?xml version = '1.0' encoding = 'UTF-8'?>
<Relation class="oracle.dbtools.crest.model.design.logical.Relation" name="Relation_48" directorySegmentName="seg_0" id="CBAABF21-A746-FD02-1DC4-F6659C6FAA57">
<createdBy>Samuel Landman</createdBy>
<createdTime>2021-11-14 06:04:20 UTC</createdTime>
<ownerDesignName>Updated ER Diagram</ownerDesignName>
<engineerTo>
<item key="5701BE9D-90C9-9C5C-14B4-7E9FE8233AA8" value="true"/>
</engineerTo>
<sourcePk>F80069DD-F414-7173-B15E-D42181FC187B</sourcePk>
<identifying>false</identifying>
<optionalSource>true</optionalSource>
<optionalTarget>false</optionalTarget>
<sourceCardinality>1</sourceCardinality>
<sourceEntity>8CFBD75E-6DB2-40CB-841A-185C7ADB8B44</sourceEntity>
<targetCardinalityString>*</targetCardinalityString>
<targetEntity>14BF5D81-7F3C-CE75-63D6-EB24E418BDB3</targetEntity>
<transferable>true</transferable>
<deleteRule>NO ACTION</deleteRule>
</Relation>