<?xml version = '1.0' encoding = 'UTF-8'?>
<Relation class="oracle.dbtools.crest.model.design.logical.Relation" name="Relation_34" directorySegmentName="seg_0" id="CF7C0629-7B23-1089-E0DA-0599E42BFCAF">
<createdBy>Samuel Landman</createdBy>
<createdTime>2021-11-13 21:19:56 UTC</createdTime>
<ownerDesignName>Updated ER Diagram</ownerDesignName>
<engineerTo>
<item key="5701BE9D-90C9-9C5C-14B4-7E9FE8233AA8" value="true"/>
</engineerTo>
<sourcePk>46B4275F-7BB6-0D84-D56B-3ED184CA6568</sourcePk>
<identifying>false</identifying>
<optionalSource>true</optionalSource>
<optionalTarget>false</optionalTarget>
<sourceCardinality>1</sourceCardinality>
<sourceEntity>7F40FFDF-ADE8-A77C-B4B4-BD04E04AB143</sourceEntity>
<targetCardinalityString>*</targetCardinalityString>
<targetEntity>A9BD7B9C-F7ED-6C09-EB63-AC3013EF85F1</targetEntity>
<transferable>true</transferable>
<deleteRule>NO ACTION</deleteRule>
</Relation>