<?xml version = '1.0' encoding = 'UTF-8'?>
<Relation class="oracle.dbtools.crest.model.design.logical.Relation" name="Relation_43" directorySegmentName="seg_0" id="F2A25D77-2C91-C286-3FCE-B3F2EEBF458C">
<createdBy>Samuel Landman</createdBy>
<createdTime>2021-11-14 05:46:08 UTC</createdTime>
<ownerDesignName>Updated ER Diagram</ownerDesignName>
<engineerTo>
<item key="5701BE9D-90C9-9C5C-14B4-7E9FE8233AA8" value="true"/>
</engineerTo>
<sourcePk>B5336569-F5EC-D713-FD90-B33BE929464C</sourcePk>
<identifying>false</identifying>
<optionalSource>true</optionalSource>
<optionalTarget>false</optionalTarget>
<sourceCardinality>1</sourceCardinality>
<sourceEntity>4DDD6F3E-0F54-B0BB-0BD0-EC3A79337F25</sourceEntity>
<targetCardinalityString>*</targetCardinalityString>
<targetEntity>AC6E2D3E-B840-EE78-F957-0040096871FD</targetEntity>
<transferable>true</transferable>
<deleteRule>NO ACTION</deleteRule>
</Relation>