<?xml version = '1.0' encoding = 'UTF-8'?>
<Relation class="oracle.dbtools.crest.model.design.logical.Relation" name="Relation_41" directorySegmentName="seg_0" id="FD0F731B-FC1D-8148-0249-D1CBA8BD46E8">
<createdBy>Samuel Landman</createdBy>
<createdTime>2021-11-14 05:40:37 UTC</createdTime>
<ownerDesignName>Updated ER Diagram</ownerDesignName>
<engineerTo>
<item key="5701BE9D-90C9-9C5C-14B4-7E9FE8233AA8" value="true"/>
</engineerTo>
<sourcePk>D6C0B587-4F7A-034E-5DF7-3544D06C3E5B</sourcePk>
<identifying>false</identifying>
<optionalSource>true</optionalSource>
<optionalTarget>false</optionalTarget>
<sourceCardinality>1</sourceCardinality>
<sourceEntity>C920A3B4-C624-997A-50C5-1A4AE715D32E</sourceEntity>
<targetCardinalityString>*</targetCardinalityString>
<targetEntity>6B42DFE2-C51E-8FA0-5EE1-C1C0FE886A03</targetEntity>
<transferable>true</transferable>
<deleteRule>NO ACTION</deleteRule>
</Relation>